201,102,103,104,205,206,107,108,109,110;1216461300;201,102,103,104,205,206,107,108,109,110;1216463520;201,202,103,104,205,206,207,108,109,210;1216466220;;;;;;;;;;;;;;;;;;;;;;;;;;;;;;;;;;;;;;;;;;;;;;;;;;;;;;;;;;;;;;;;;;;;;;;;;;;;;;;;;;;;;;;;;;;;;;;;;;;;;;;;;;;;;;;;;;;;;;;;;;;;;;;;;;;;;;;;;;;;;;;;;;;;;;;;;;;;;;;;;;;;;;;;;;;;;;;;;;;;;;;;;;;;;;;;;;
201,202,103,104,205,206,107,208,209,110;1216471380;201,102,203,204,205,206,107,108,109,110;1216473720;201,202,103,104,205,206,107,108,109,210;1216482780;201,102,103,104,205,206,207,108,109,210;1216489440;201,202,103,104,205,206,207,108,109,210;1216489500;201,202,103,104,205,206,107,108,109,110;1216491840;201,202,103,104,205,206,207,108,109,210;1216496100;201,202,103,104,205,206,207,108,109,210;1216497420;;;;;;;;;;;;;;;;;;;;;;;;;;;;;;;;;;;;;;;;;;;;;;;;;;;;;;;;;;;;;;;;;;;;;;;;;;;;;;;;;;;;;;;;;;;;;;;;;;;;;;;;;;;;;;;;;;;;;;;;;;;;;;;;;;;;;;;;;;;;;;;;;;;;;;;;;;;;;;;;;;;;;;;;;;;;;;;;;;;;;;;;
201,202,103,104,205,206,107,208,209,210;1216500720;;;;;;;;;;;;;;;;;;;;;;;;;;;;;;;;;;;;;;;;;;;;;;;;;;;;;;;;;;;;;;;;;;;;;;;;;;;;;;;;;;;;;;;;;;;;;;;;;;;;;;;;;;;;;;;;;;;;;;;;;;;;;;;;;;;;;;;;;;;;;;;;;;;;;;;;;;;;;;;;;;;;;;;;;;;;;;;;;;;;;;;;;;;;;;;;;;;;;;
201,202,103,104,205,206,107,108,109,110;1216517700;201,102,103,104,205,206,107,208,209,110;1216621260;201,202,103,104,205,206,107,208,209,110;1216633980;;;;;;;;;;;;;;;;;;;;;;;;;;;;;;;;;;;;;;;;;;;;;;;;;;;;;;;;;;;;;;;;;;;;;;;;;;;;;;;;;;;;;;;;;;;;;;;;;;;;;;;;;;;;;;;;;;;;;;;;;;;;;;;;;;;;;;;;;;;;;;;;;;;;;;;;;;;;;;;;;;;;;;;;;;;;;;;;;;;;;;;;;;;;;;;;;;
201,202,103,104,205,206,107,208,209,110;1216677780;201,102,103,204,205,206,107,108,109,110;1216688340;201,102,103,104,205,206,107,108,109,110;1216708860;201,102,103,104,205,206,107,108,109,110;1216720020;201,202,103,104,205,206,207,208,209,210;1216728000;201,102,103,104,205,206,107,108,109,110;1216733400;201,102,103,104,105,206,107,108,109,110;1216782900;201,102,103,104,205,206,107,108,109,110;1216833720;201,202,103,104,105,206,107,208,209,110;1216992180;;;;;;;;;;;;;;;;;;;;;;;;;;;;;;;;;;;;;;;;;;;;;;;;;;;;;;;;;;;;;;;;;;;;;;;;;;;;;;;;;;;;;;;;;;;;;;;;;;;;;;;;;;;;;;;;;;;;;;;;;;;;;;;;;;;;;;;;;;;;;;;;;;;;;;;;;;;;;;;;;;;;;;;;;;;;;;;;;;;;;;
201,202,103,104,205,206,107,208,209,110;1217125080;201,102,103,104,205,206,107,108,109,110;1217144220;201,102,103,104,205,206,107,108,109,110;1217149800;201,202,103,104,205,106,107,208,209,110;1217166360;201,202,103,204,105,206,107,208,209,110;1217167560;201,202,103,104,105,206,107,208,209,110;1217170140;201,202,103,104,105,106,107,208,209,110;1217183040;201,202,103,104,105,206,107,208,209,110;1217190480;201,102,103,104,105,206,107,108,109,110;1217190480;201,102,103,104,205,206,107,108,109,110;1217193240;201,202,103,104,105,206,107,208,209,110;1217208660;201,102,103,204,205,206,107,108,209,110;1217209680;201,202,103,104,105,206,107,208,209,110;1217212620;201,202,103,104,105,206,107,208,209,110;1217216160;201,202,103,104,205,206,107,208,209,110;1217220300;;;;;;;;;;;;;;;;;;;;;;;;;;;;;;;;;;;;;;;;;;;;;;;;;;;;;;;;;;;;;;;;;;;;;;;;;;;;;;;;;;;;;;;;;;;;;;;;;;;;;;;;;;;;;;;;;;;;;;;;;;;;;;;;;;;;;;;;;;;;;;;;;;;;;;;;;;;;;;;;;;;;;;;;;;
201,202,103,104,105,206,107,108,109,110;1217226960;201,202,103,104,205,206,107,208,209,110;1217250660;;;;;;;;;;;;;;;;;;;;;;;;;;;;;;;;;;;;;;;;;;;;;;;;;;;;;;;;;;;;;;;;;;;;;;;;;;;;;;;;;;;;;;;;;;;;;;;;;;;;;;;;;;;;;;;;;;;;;;;;;;;;;;;;;;;;;;;;;;;;;;;;;;;;;;;;;;;;;;;;;;;;;;;;;;;;;;;;;;;;;;;;;;;;;;;;;;;;
201,102,103,104,205,206,107,108,109,110;1217282220;201,102,103,104,205,206,107,108,109,110;1217297280;201,202,103,104,105,206,107,208,209,110;1217301360;201,202,203,204,205,206,107,108,109,110;1217305140;201,202,203,204,205,206,207,108,109,210;1217312580;;;;;;;;;;;;;;;;;;;;;;;;;;;;;;;;;;;;;;;;;;;;;;;;;;;;;;;;;;;;;;;;;;;;;;;;;;;;;;;;;;;;;;;;;;;;;;;;;;;;;;;;;;;;;;;;;;;;;;;;;;;;;;;;;;;;;;;;;;;;;;;;;;;;;;;;;;;;;;;;;;;;;;;;;;;;;;;;;;;;;;;;;;;;;;
201,202,103,204,205,206,107,108,109,110;1217324820;201,202,103,104,205,206,207,108,109,210;1217338860;201,202,103,104,105,206,207,108,109,210;1217339340;;;;;;;;;;;;;;;;;;;;;;;;;;;;;;;;;;;;;;;;;;;;;;;;;;;;;;;;;;;;;;;;;;;;;;;;;;;;;;;;;;;;;;;;;;;;;;;;;;;;;;;;;;;;;;;;;;;;;;;;;;;;;;;;;;;;;;;;;;;;;;;;;;;;;;;;;;;;;;;;;;;;;;;;;;;;;;;;;;;;;;;;;;;;;;;;;;
201,202,103,104,205,206,107,108,109,110;1217343900;;;;;;;;;;;;;;;;;;;;;;;;;;;;;;;;;;;;;;;;;;;;;;;;;;;;;;;;;;;;;;;;;;;;;;;;;;;;;;;;;;;;;;;;;;;;;;;;;;;;;;;;;;;;;;;;;;;;;;;;;;;;;;;;;;;;;;;;;;;;;;;;;;;;;;;;;;;;;;;;;;;;;;;;;;;;;;;;;;;;;;;;;;;;;;;;;;;;;;
201,202,103,104,105,206,107,108,109,110;1217347680;;;;;;;;;;;;;;;;;;;;;;;;;;;;;;;;;;;;;;;;;;;;;;;;;;;;;;;;;;;;;;;;;;;;;;;;;;;;;;;;;;;;;;;;;;;;;;;;;;;;;;;;;;;;;;;;;;;;;;;;;;;;;;;;;;;;;;;;;;;;;;;;;;;;;;;;;;;;;;;;;;;;;;;;;;;;;;;;;;;;;;;;;;;;;;;;;;;;;;
201,202,103,104,205,206,107,108,109,110;1217358420;201,102,203,204,205,206,107,108,109,110;1217366040;201,102,103,104,205,206,107,108,109,110;1217366340;201,202,103,104,205,206,107,108,109,110;1217392200;201,202,103,104,105,206,207,108,109,210;1217394480;201,202,103,104,205,206,107,208,209,110;1217412120;201,102,203,204,205,206,107,108,109,110;1217413740;;;;;;;;;;;;;;;;;;;;;;;;;;;;;;;;;;;;;;;;;;;;;;;;;;;;;;;;;;;;;;;;;;;;;;;;;;;;;;;;;;;;;;;;;;;;;;;;;;;;;;;;;;;;;;;;;;;;;;;;;;;;;;;;;;;;;;;;;;;;;;;;;;;;;;;;;;;;;;;;;;;;;;;;;;;;;;;;;;;;;;;;;;
201,202,103,104,105,206,107,208,209,110;1217445360;;;;;;;;;;;;;;;;;;;;;;;;;;;;;;;;;;;;;;;;;;;;;;;;;;;;;;;;;;;;;;;;;;;;;;;;;;;;;;;;;;;;;;;;;;;;;;;;;;;;;;;;;;;;;;;;;;;;;;;;;;;;;;;;;;;;;;;;;;;;;;;;;;;;;;;;;;;;;;;;;;;;;;;;;;;;;;;;;;;;;;;;;;;;;;;;;;;;;;
201,102,103,104,205,206,107,208,209,110;1217505420;201,202,203,204,205,206,107,208,209,110;1217511360;201,202,103,204,205,206,107,208,209,110;1217516820;201,202,103,104,205,206,107,208,209,110;1217528280;;;;;;;;;;;;;;;;;;;;;;;;;;;;;;;;;;;;;;;;;;;;;;;;;;;;;;;;;;;;;;;;;;;;;;;;;;;;;;;;;;;;;;;;;;;;;;;;;;;;;;;;;;;;;;;;;;;;;;;;;;;;;;;;;;;;;;;;;;;;;;;;;;;;;;;;;;;;;;;;;;;;;;;;;;;;;;;;;;;;;;;;;;;;;;;;
201,202,103,104,205,206,107,208,209,110;1217548920;201,202,203,204,205,206,107,108,109,110;1217562720;;;;;;;;;;;;;;;;;;;;;;;;;;;;;;;;;;;;;;;;;;;;;;;;;;;;;;;;;;;;;;;;;;;;;;;;;;;;;;;;;;;;;;;;;;;;;;;;;;;;;;;;;;;;;;;;;;;;;;;;;;;;;;;;;;;;;;;;;;;;;;;;;;;;;;;;;;;;;;;;;;;;;;;;;;;;;;;;;;;;;;;;;;;;;;;;;;;;
201,202,103,104,205,206,107,108,109,110;1217578800;201,202,103,104,205,206,107,108,109,110;1217579160;201,202,103,104,205,206,107,108,109,110;1217582880;201,202,103,204,205,206,107,208,209,110;1217586540;201,202,103,104,205,206,107,208,209,110;1217592420;201,202,103,104,205,206,107,108,109,110;1217596200;201,202,103,104,205,206,207,208,209,210;1217641140;201,202,103,104,205,206,107,108,109,110;1217761740;201,202,103,104,205,206,107,208,209,110;1217765160;201,202,103,104,205,206,107,108,109,110;1217766300;201,202,103,104,205,206,107,108,109,110;1217768580;201,202,103,104,205,206,107,108,109,110;1217770020;201,202,103,204,205,206,107,108,109,110;1217772000;201,202,103,204,205,206,107,108,109,110;1217775600;201,202,103,104,205,206,107,208,209,110;1217779080;201,202,103,204,105,206,107,108,109,210;1217787780;201,202,103,204,205,206,207,208,209,210;1217796720;201,202,103,204,205,206,207,108,109,210;1217803140;;;;;;;;;;;;;;;;;;;;;;;;;;;;;;;;;;;;;;;;;;;;;;;;;;;;;;;;;;;;;;;;;;;;;;;;;;;;;;;;;;;;;;;;;;;;;;;;;;;;;;;;;;;;;;;;;;;;;;;;;;;;;;;;;;;;;;;;;;;;;;;;;;;;;;;;;;;;;;;;;;;;
201,202,103,104,205,206,107,108,109,110;1217814300;201,202,203,204,205,206,107,208,209,110;1217814540;201,102,103,104,205,206,107,108,109,110;1217848740;201,102,103,104,205,206,107,108,109,110;1217851440;201,202,103,104,205,206,107,208,209,110;1217853060;201,202,103,104,205,206,107,208,209,110;1217856540;201,102,103,204,205,NaN,107,108,109,110;1217859300;201,202,103,104,205,206,107,208,209,110;1217860260;201,202,103,104,205,206,107,108,109,110;1217862660;201,102,103,104,205,206,107,108,109,110;1217864760;201,102,203,204,205,NaN,107,208,209,110;1217867040;201,102,103,104,205,206,107,108,109,110;1217872680;201,102,203,204,205,NaN,107,108,109,110;1217874720;201,202,103,204,205,206,207,208,109,210;1217876280;;;;;;;;;;;;;;;;;;;;;;;;;;;;;;;;;;;;;;;;;;;;;;;;;;;;;;;;;;;;;;;;;;;;;;;;;;;;;;;;;;;;;;;;;;;;;;;;;;;;;;;;;;;;;;;;;;;;;;;;;;;;;;;;;;;;;;;;;;;;;;;;;;;;;;;;;;;;;;;;;;;;;;;;;;;;
201,202,103,104,205,206,107,208,209,110;1217878980;201,202,103,104,205,206,107,108,209,110;1217883060;201,202,203,204,205,206,107,208,209,110;1217885580;201,202,103,104,205,206,107,208,209,110;1217887440;201,202,103,104,205,206,107,208,209,110;1217891520;201,202,103,104,205,206,107,208,209,110;1217895300;201,202,103,104,205,206,107,208,209,110;1217896560;201,202,103,104,205,206,107,208,209,110;1217897100;201,202,103,104,205,206,107,108,109,110;1217899020;201,202,103,104,205,206,107,208,209,110;1217900160;201,202,103,104,205,206,107,208,209,110;1217901240;201,202,103,104,205,206,207,208,209,210;1217903520;201,202,103,104,205,206,107,208,209,110;1217903700;201,202,103,104,205,206,107,108,109,110;1217905860;201,202,103,104,205,206,207,108,109,210;1217909400;201,202,103,104,205,206,107,208,209,110;1217909460;201,202,103,104,205,206,107,108,209,110;1217910060;201,202,103,104,205,206,107,208,209,110;1217913120;201,202,103,104,205,206,207,108,209,210;1217913120;;;;;;;;;;;;;;;;;;;;;;;;;;;;;;;;;;;;;;;;;;;;;;;;;;;;;;;;;;;;;;;;;;;;;;;;;;;;;;;;;;;;;;;;;;;;;;;;;;;;;;;;;;;;;;;;;;;;;;;;;;;;;;;;;;;;;;;;;;;;;;;;;;;;;;;;;;;;;;;;;;
201,202,103,104,205,206,107,208,209,110;1217915280;201,202,103,104,205,206,107,108,109,110;1217919000;201,202,103,104,205,206,107,208,209,110;1217922480;201,202,203,204,205,206,107,208,209,110;1217938620;201,202,203,204,205,206,107,108,109,110;1217940300;201,202,203,204,205,206,107,208,209,110;1217943900;201,202,103,104,205,206,107,108,109,110;1217959440;201,202,103,104,205,206,107,208,209,110;1217963220;201,202,103,104,205,206,207,108,109,210;1217964120;201,202,103,204,205,206,207,208,209,210;1217970120;201,102,203,204,205,206,107,108,109,110;1217970360;201,202,103,104,205,206,207,108,109,210;1217972280;201,202,103,104,205,206,107,108,109,110;1217973840;201,202,103,104,205,206,107,108,109,110;1217982000;201,202,103,104,205,206,107,108,109,110;1217985720;201,202,203,204,205,206,207,208,209,210;1217994000;;;;;;;;;;;;;;;;;;;;;;;;;;;;;;;;;;;;;;;;;;;;;;;;;;;;;;;;;;;;;;;;;;;;;;;;;;;;;;;;;;;;;;;;;;;;;;;;;;;;;;;;;;;;;;;;;;;;;;;;;;;;;;;;;;;;;;;;;;;;;;;;;;;;;;;;;;;;;;;;;;;;;;;;
201,202,103,204,205,206,107,208,209,110;1218009360;201,102,203,204,205,NaN,107,108,109,110;1218009420;201,202,103,104,205,206,107,108,109,110;1218018780;201,202,103,104,205,206,107,108,109,110;1218022500;201,202,103,104,105,206,107,208,209,210;1218036900;201,202,103,104,205,206,107,208,209,110;1218038400;201,202,103,104,205,206,107,208,209,110;1218040440;201,202,103,104,205,206,107,208,209,110;1218042780;201,102,103,204,205,206,107,108,109,110;1218043440;201,102,203,204,205,206,107,108,109,110;1218045600;201,202,103,104,205,206,107,208,209,110;1218046620;201,102,203,204,205,206,107,108,109,110;1218050100;201,202,203,204,205,206,107,108,109,110;1218054420;201,202,103,104,205,206,107,108,109,110;1218058800;201,202,103,104,205,206,107,108,109,110;1218059100;201,202,103,104,205,206,107,108,109,110;1218063060;201,202,103,104,205,206,107,108,109,110;1218087000;201,102,203,204,205,206,107,208,109,110;1218090060;201,102,103,204,205,206,107,108,109,110;1218091500;201,102,103,104,205,206,107,108,109,110;1218092100;201,202,103,104,205,206,107,108,109,110;1218096720;201,202,103,104,205,206,107,108,109,110;1218100200;201,202,103,104,205,206,107,208,209,110;1218102000;;;;;;;;;;;;;;;;;;;;;;;;;;;;;;;;;;;;;;;;;;;;;;;;;;;;;;;;;;;;;;;;;;;;;;;;;;;;;;;;;;;;;;;;;;;;;;;;;;;;;;;;;;;;;;;;;;;;;;;;;;;;;;;;;;;;;;;;;;;;;;;;;;;;;;;;;;
201,102,103,104,205,206,107,108,109,110;1218164100;201,102,103,104,205,206,107,108,109,110;1218164100;201,202,103,104,205,206,107,108,109,110;1218177840;;;;;;;;;;;;;;;;;;;;;;;;;;;;;;;;;;;;;;;;;;;;;;;;;;;;;;;;;;;;;;;;;;;;;;;;;;;;;;;;;;;;;;;;;;;;;;;;;;;;;;;;;;;;;;;;;;;;;;;;;;;;;;;;;;;;;;;;;;;;;;;;;;;;;;;;;;;;;;;;;;;;;;;;;;;;;;;;;;;;;;;;;;;;;;;;;;
201,102,203,204,205,206,107,108,109,110;1218191820;;;;;;;;;;;;;;;;;;;;;;;;;;;;;;;;;;;;;;;;;;;;;;;;;;;;;;;;;;;;;;;;;;;;;;;;;;;;;;;;;;;;;;;;;;;;;;;;;;;;;;;;;;;;;;;;;;;;;;;;;;;;;;;;;;;;;;;;;;;;;;;;;;;;;;;;;;;;;;;;;;;;;;;;;;;;;;;;;;;;;;;;;;;;;;;;;;;;;;
201,102,203,204,205,206,107,208,209,110;1218219660;101,202,103,104,205,206,107,208,209,110;1218223320;201,202,103,204,205,206,107,208,209,110;1218225180;101,202,103,204,205,206,107,208,209,110;1218225960;201,102,103,104,205,206,107,108,109,110;1218227100;201,102,203,204,205,206,107,108,109,110;1218240900;201,202,103,104,205,206,107,108,209,110;1218242220;101,202,103,204,205,206,107,108,109,110;1218254700;201,102,203,204,205,206,107,208,209,210;1218302160;;;;;;;;;;;;;;;;;;;;;;;;;;;;;;;;;;;;;;;;;;;;;;;;;;;;;;;;;;;;;;;;;;;;;;;;;;;;;;;;;;;;;;;;;;;;;;;;;;;;;;;;;;;;;;;;;;;;;;;;;;;;;;;;;;;;;;;;;;;;;;;;;;;;;;;;;;;;;;;;;;;;;;;;;;;;;;;;;;;;;;
101,202,103,104,205,206,107,108,109,110;1218266520;201,102,203,204,205,206,107,208,209,110;1218274920;;;;;;;;;;;;;;;;;;;;;;;;;;;;;;;;;;;;;;;;;;;;;;;;;;;;;;;;;;;;;;;;;;;;;;;;;;;;;;;;;;;;;;;;;;;;;;;;;;;;;;;;;;;;;;;;;;;;;;;;;;;;;;;;;;;;;;;;;;;;;;;;;;;;;;;;;;;;;;;;;;;;;;;;;;;;;;;;;;;;;;;;;;;;;;;;;;;;
201,202,103,104,205,206,107,108,109,210;1218296040;201,202,103,104,205,206,107,208,209,210;1218301380;201,102,203,204,205,206,107,208,209,110;1218305040;201,202,103,104,205,206,107,108,109,110;1218308820;201,202,103,104,205,206,107,108,209,110;1218312900;201,202,103,104,205,206,107,208,209,110;1218314220;201,102,203,204,205,206,107,108,109,110;1218316620;201,102,203,204,205,206,107,108,109,110;1218317640;201,102,203,204,205,206,107,108,109,110;1218319740;201,102,103,104,205,206,107,108,109,110;1218321960;201,202,203,204,205,206,107,108,209,110;1218340800;;;;;;;;;;;;;;;;;;;;;;;;;;;;;;;;;;;;;;;;;;;;;;;;;;;;;;;;;;;;;;;;;;;;;;;;;;;;;;;;;;;;;;;;;;;;;;;;;;;;;;;;;;;;;;;;;;;;;;;;;;;;;;;;;;;;;;;;;;;;;;;;;;;;;;;;;;;;;;;;;;;;;;;;;;;;;;;;;;
201,102,103,104,205,206,107,108,109,110;1218343260;201,202,103,104,205,206,207,208,209,210;1218344460;;;;;;;;;;;;;;;;;;;;;;;;;;;;;;;;;;;;;;;;;;;;;;;;;;;;;;;;;;;;;;;;;;;;;;;;;;;;;;;;;;;;;;;;;;;;;;;;;;;;;;;;;;;;;;;;;;;;;;;;;;;;;;;;;;;;;;;;;;;;;;;;;;;;;;;;;;;;;;;;;;;;;;;;;;;;;;;;;;;;;;;;;;;;;;;;;;;;
201,102,103,204,205,206,107,208,109,110;1218359760;201,102,203,204,205,206,107,108,109,110;1218361740;201,102,103,104,205,206,107,108,109,110;1218363720;201,202,103,104,205,206,107,208,209,210;1218376740;;;;;;;;;;;;;;;;;;;;;;;;;;;;;;;;;;;;;;;;;;;;;;;;;;;;;;;;;;;;;;;;;;;;;;;;;;;;;;;;;;;;;;;;;;;;;;;;;;;;;;;;;;;;;;;;;;;;;;;;;;;;;;;;;;;;;;;;;;;;;;;;;;;;;;;;;;;;;;;;;;;;;;;;;;;;;;;;;;;;;;;;;;;;;;;;
201,102,203,204,205,206,107,208,209,110;1218388020;201,202,103,104,205,206,207,208,109,210;1218391620;;;;;;;;;;;;;;;;;;;;;;;;;;;;;;;;;;;;;;;;;;;;;;;;;;;;;;;;;;;;;;;;;;;;;;;;;;;;;;;;;;;;;;;;;;;;;;;;;;;;;;;;;;;;;;;;;;;;;;;;;;;;;;;;;;;;;;;;;;;;;;;;;;;;;;;;;;;;;;;;;;;;;;;;;;;;;;;;;;;;;;;;;;;;;;;;;;;;
201,202,103,104,205,206,107,108,109,110;1218399960;;;;;;;;;;;;;;;;;;;;;;;;;;;;;;;;;;;;;;;;;;;;;;;;;;;;;;;;;;;;;;;;;;;;;;;;;;;;;;;;;;;;;;;;;;;;;;;;;;;;;;;;;;;;;;;;;;;;;;;;;;;;;;;;;;;;;;;;;;;;;;;;;;;;;;;;;;;;;;;;;;;;;;;;;;;;;;;;;;;;;;;;;;;;;;;;;;;;;;
101,202,103,204,205,206,107,108,109,210;1218416760;201,202,203,204,205,206,107,108,109,110;1218420540;201,102,203,204,205,206,207,208,109,210;1218424500;201,202,103,104,205,206,107,108,109,110;1218447300;201,102,203,204,205,206,107,108,109,110;1218451080;201,202,103,104,205,206,107,108,109,110;1218507780;201,102,203,204,205,206,107,108,109,110;1218514560;201,102,103,204,205,206,107,108,109,110;1218531240;201,102,103,104,205,206,107,108,109,110;1218533340;201,102,203,204,205,206,107,108,109,110;1218535440;101,202,203,204,205,206,107,108,109,110;1218588480;201,102,203,204,205,106,107,108,109,110;1218763560;201,202,103,204,205,206,107,108,109,210;1218766440;201,202,103,104,205,206,107,108,109,110;1218769980;201,202,103,104,205,106,107,108,109,110;1218785880;201,202,103,104,205,106,107,108,109,110;1218788040;201,202,203,204,205,106,107,108,109,110;1218793320;201,202,103,104,205,206,107,108,109,210;1218817140;201,102,103,104,205,206,107,108,109,110;1218820740;201,202,103,104,205,206,207,108,109,210;1218823200;201,202,103,104,205,206,107,108,109,110;1218823380;201,202,103,104,205,206,107,108,109,110;1218835860;201,202,103,104,205,206,107,108,109,110;1218846060;101,202,103,104,205,206,107,108,109,110;1218858420;201,202,103,104,205,206,107,108,209,110;1218862320;201,202,103,104,205,206,107,108,109,110;1218864780;201,202,103,104,205,206,107,108,109,110;1218868740;201,202,103,104,205,206,107,108,209,110;1218868860;201,202,103,104,205,206,107,108,109,110;1218872640;;;;;;;;;;;;;;;;;;;;;;;;;;;;;;;;;;;;;;;;;;;;;;;;;;;;;;;;;;;;;;;;;;;;;;;;;;;;;;;;;;;;;;;;;;;;;;;;;;;;;;;;;;;;;;;;;;;;;;;;;;;;;;;;;;;;;;;;;;;;;;
201,202,103,104,205,206,107,108,109,110;1218887460;201,102,103,104,205,206,107,108,109,110;1218889800;201,102,103,104,205,206,107,108,109,110;1218892560;201,202,103,104,205,206,107,108,109,110;1218892740;;;;;;;;;;;;;;;;;;;;;;;;;;;;;;;;;;;;;;;;;;;;;;;;;;;;;;;;;;;;;;;;;;;;;;;;;;;;;;;;;;;;;;;;;;;;;;;;;;;;;;;;;;;;;;;;;;;;;;;;;;;;;;;;;;;;;;;;;;;;;;;;;;;;;;;;;;;;;;;;;;;;;;;;;;;;;;;;;;;;;;;;;;;;;;;;
201,202,103,104,205,206,207,108,109,210;1218923280;201,202,103,104,105,206,107,108,109,110;1218927120;201,202,103,104,105,206,107,108,109,110;1218930780;201,202,103,104,105,206,107,108,109,110;1218935820;201,102,203,204,205,206,107,108,109,110;1218935880;201,102,203,204,205,206,207,108,109,210;1218937560;201,202,103,104,205,206,207,108,109,210;1218939540;101,202,103,104,205,206,207,108,109,210;1218943260;201,102,103,104,105,206,107,108,109,110;1218968160;;;;;;;;;;;;;;;;;;;;;;;;;;;;;;;;;;;;;;;;;;;;;;;;;;;;;;;;;;;;;;;;;;;;;;;;;;;;;;;;;;;;;;;;;;;;;;;;;;;;;;;;;;;;;;;;;;;;;;;;;;;;;;;;;;;;;;;;;;;;;;;;;;;;;;;;;;;;;;;;;;;;;;;;;;;;;;;;;;;;;;
101,102,203,204,205,206,207,108,109,210;1218972840;101,102,103,104,205,206,207,108,109,210;1218975660;201,102,103,104,105,206,107,108,109,110;1218979500;201,102,203,204,205,206,107,108,109,110;1219001160;;;;;;;;;;;;;;;;;;;;;;;;;;;;;;;;;;;;;;;;;;;;;;;;;;;;;;;;;;;;;;;;;;;;;;;;;;;;;;;;;;;;;;;;;;;;;;;;;;;;;;;;;;;;;;;;;;;;;;;;;;;;;;;;;;;;;;;;;;;;;;;;;;;;;;;;;;;;;;;;;;;;;;;;;;;;;;;;;;;;;;;;;;;;;;;;
201,202,203,204,205,206,207,108,209,210;1219003380;;;;;;;;;;;;;;;;;;;;;;;;;;;;;;;;;;;;;;;;;;;;;;;;;;;;;;;;;;;;;;;;;;;;;;;;;;;;;;;;;;;;;;;;;;;;;;;;;;;;;;;;;;;;;;;;;;;;;;;;;;;;;;;;;;;;;;;;;;;;;;;;;;;;;;;;;;;;;;;;;;;;;;;;;;;;;;;;;;;;;;;;;;;;;;;;;;;;;;
201,202,103,104,205,206,207,108,109,210;1219004460;201,202,203,204,205,206,207,208,209,210;1219007040;;;;;;;;;;;;;;;;;;;;;;;;;;;;;;;;;;;;;;;;;;;;;;;;;;;;;;;;;;;;;;;;;;;;;;;;;;;;;;;;;;;;;;;;;;;;;;;;;;;;;;;;;;;;;;;;;;;;;;;;;;;;;;;;;;;;;;;;;;;;;;;;;;;;;;;;;;;;;;;;;;;;;;;;;;;;;;;;;;;;;;;;;;;;;;;;;;;;
201,102,103,104,105,206,107,108,109,110;1219008000;201,102,103,104,205,206,107,108,109,110;121910100;;;;;;;;;;;;;;;;;;;;;;;;;;;;;;;;;;;;;;;;;;;;;;;;;;;;;;;;;;;;;;;;;;;;;;;;;;;;;;;;;;;;;;;;;;;;;;;;;;;;;;;;;;;;;;;;;;;;;;;;;;;;;;;;;;;;;;;;;;;;;;;;;;;;;;;;;;;;;;;;;;;;;;;;;;;;;;;;;;;;;;;;;;;;;;;;;;;;
201,202,203,204,205,206,207,208,209,210;121910520;;;;;;;;;;;;;;;;;;;;;;;;;;;;;;;;;;;;;;;;;;;;;;;;;;;;;;;;;;;;;;;;;;;;;;;;;;;;;;;;;;;;;;;;;;;;;;;;;;;;;;;;;;;;;;;;;;;;;;;;;;;;;;;;;;;;;;;;;;;;;;;;;;;;;;;;;;;;;;;;;;;;;;;;;;;;;;;;;;;;;;;;;;;;;;;;;;;;;;
201,202,103,204,205,206,107,108,109,110;1219011600;201,202,203,204,205,206,107,108,109,210;1219015380;;;;;;;;;;;;;;;;;;;;;;;;;;;;;;;;;;;;;;;;;;;;;;;;;;;;;;;;;;;;;;;;;;;;;;;;;;;;;;;;;;;;;;;;;;;;;;;;;;;;;;;;;;;;;;;;;;;;;;;;;;;;;;;;;;;;;;;;;;;;;;;;;;;;;;;;;;;;;;;;;;;;;;;;;;;;;;;;;;;;;;;;;;;;;;;;;;;;
201,202,103,104,205,206,207,208,209,210;1219024860;;;;;;;;;;;;;;;;;;;;;;;;;;;;;;;;;;;;;;;;;;;;;;;;;;;;;;;;;;;;;;;;;;;;;;;;;;;;;;;;;;;;;;;;;;;;;;;;;;;;;;;;;;;;;;;;;;;;;;;;;;;;;;;;;;;;;;;;;;;;;;;;;;;;;;;;;;;;;;;;;;;;;;;;;;;;;;;;;;;;;;;;;;;;;;;;;;;;;;
201,202,103,104,205,206,207,108,109,210;1219025520;201,202,103,104,105,206,207,108,109,210;1219026900;201,202,103,104,205,206,107,108,109,110;1219028580;201,202,103,104,205,206,107,108,109,110;1219029900;201,202,103,104,105,206,107,108,109,110;1219032420;201,102,103,104,105,206,107,108,109,110;1219032660;201,202,103,104,205,206,107,208,209,110;1219033560;201,202,103,104,105,206,107,108,109,110;1219036260;201,202,103,104,105,206,107,108,109,110;1219036980;201,202,103,104,105,206,107,208,209,110;1219037340;201,102,103,104,205,206,107,108,109,110;1219040280;101,202,103,104,205,206,107,108,109,110;1219041060;201,202,103,104,105,206,107,108,209,110;1219047180;201,102,103,104,105,206,107,108,109,110;1219050240;201,102,103,104,105,206,107,108,109,110;1219053600;201,102,103,104,105,206,107,108,109,110;1219053960;201,202,103,104,205,206,107,108,109,110;1219054920;201,202,103,104,205,206,107,108,109,110;1219056540;201,102,103,104,105,206,107,108,109,110;1219057620;201,202,103,104,105,206,107,108,109,110;1219060860;201,202,103,104,105,206,107,108,109,110;1219061040;201,102,203,204,105,206,107,108,109,110;1219063500;201,202,103,104,105,206,207,108,109,210;1219064400;201,202,103,104,205,206,207,108,109,210;1219065960;201,202,103,104,105,206,107,108,109,110;1219066200;201,202,103,104,205,206,107,208,209,210;1219066200;201,202,203,204,205,206,107,108,109,110;1219066860;201,102,103,104,205,206,207,108,109,210;1219069140;201,202,103,104,205,206,207,108,109,210;1219072380;;;;;;;;;;;;;;;;;;;;;;;;;;;;;;;;;;;;;;;;;;;;;;;;;;;;;;;;;;;;;;;;;;;;;;;;;;;;;;;;;;;;;;;;;;;;;;;;;;;;;;;;;;;;;;;;;;;;;;;;;;;;;;;;;;;;;;;;;;;;;;
201,102,103,104,105,206,107,108,109,110;1219072560;201,202,203,204,205,206,207,108,109,210;1219073820;201,102,103,104,205,206,107,108,109,110;1219080240;201,202,103,204,205,206,107,108,109,110;1219082040;;;;;;;;;;;;;;;;;;;;;;;;;;;;;;;;;;;;;;;;;;;;;;;;;;;;;;;;;;;;;;;;;;;;;;;;;;;;;;;;;;;;;;;;;;;;;;;;;;;;;;;;;;;;;;;;;;;;;;;;;;;;;;;;;;;;;;;;;;;;;;;;;;;;;;;;;;;;;;;;;;;;;;;;;;;;;;;;;;;;;;;;;;;;;;;;
201,202,103,104,105,206,207,108,109,210;1219093200;201,202,103,104,205,206,107,108,109,110;1219093380;201,202,103,104,105,206,107,108,109,110;1219096020;201,102,103,104,205,206,107,108,109,110;1219101000;201,202,103,104,105,206,107,108,109,210;1219111140;;;;;;;;;;;;;;;;;;;;;;;;;;;;;;;;;;;;;;;;;;;;;;;;;;;;;;;;;;;;;;;;;;;;;;;;;;;;;;;;;;;;;;;;;;;;;;;;;;;;;;;;;;;;;;;;;;;;;;;;;;;;;;;;;;;;;;;;;;;;;;;;;;;;;;;;;;;;;;;;;;;;;;;;;;;;;;;;;;;;;;;;;;;;;;
201,202,103,104,105,206,107,108,109,110;1219114680;201,202,103,104,105,106,107,108,209,110;1219115340;201,102,103,104,105,106,107,108,209,110;1219115460;201,102,103,204,105,206,107,108,109,110;1219115460;201,202,103,104,105,106,107,108,109,110;1219117200;201,202,103,104,105,206,107,108,109,110;1219117260;201,202,103,104,105,206,107,108,109,110;1219117980;201,202,103,104,205,206,207,208,209,210;1219118040;201,102,203,204,105,206,107,108,109,110;1219118160;;;;;;;;;;;;;;;;;;;;;;;;;;;;;;;;;;;;;;;;;;;;;;;;;;;;;;;;;;;;;;;;;;;;;;;;;;;;;;;;;;;;;;;;;;;;;;;;;;;;;;;;;;;;;;;;;;;;;;;;;;;;;;;;;;;;;;;;;;;;;;;;;;;;;;;;;;;;;;;;;;;;;;;;;;;;;;;;;;;;;;
201,102,103,104,205,206,107,208,209,110;1219119840;201,102,103,104,205,206,107,108,109,110;1219124580;201,202,103,104,205,206,107,108,109,110;1219125480;;;;;;;;;;;;;;;;;;;;;;;;;;;;;;;;;;;;;;;;;;;;;;;;;;;;;;;;;;;;;;;;;;;;;;;;;;;;;;;;;;;;;;;;;;;;;;;;;;;;;;;;;;;;;;;;;;;;;;;;;;;;;;;;;;;;;;;;;;;;;;;;;;;;;;;;;;;;;;;;;;;;;;;;;;;;;;;;;;;;;;;;;;;;;;;;;;
201,202,103,104,205,206,107,108,109,110;1219125660;201,102,103,104,105,106,107,108,109,110;1219126020;201,102,203,204,205,206,107,108,109,110;1219127580;201,202,103,104,205,206,107,108,109,110;1219129440;201,102,103,104,205,NaN,207,108,109,210;1219129500;201,202,103,104,105,206,207,108,109,210;1219135560;201,202,103,104,205,206,207,108,109,210;1219137060;201,202,103,104,205,206,107,108,109,110;1219137180;201,202,103,104,205,206,107,208,209,110;1219137180;201,202,103,104,205,206,207,108,109,210;1219138080;201,202,203,204,205,206,207,108,109,210;1219139040;201,202,103,104,205,206,107,108,109,110;1219139160;201,102,103,104,105,206,107,108,109,210;1219139820;201,102,103,104,105,206,107,108,109,110;1219139880;201,102,203,204,105,206,107,108,109,110;1219141800;201,202,103,104,105,206,207,108,109,210;1219152780;201,102,103,104,205,206,107,208,209,110;1219162320;201,202,103,104,105,106,107,108,109,210;1219162320;201,102,103,104,105,106,107,208,209,110;1219163400;201,202,103,104,205,106,107,208,209,110;1219163400;201,202,103,104,105,106,107,208,209,110;1219167480;201,202,103,104,205,NaN,107,108,109,110;1219171980;201,102,103,104,205,106,107,208,209,110;1219183500;201,202,103,104,205,106,107,108,209,110;1219188780;201,102,103,104,205,206,107,108,109,110;1219189320;201,202,103,104,205,206,207,208,209,210;1219191180;201,202,103,104,205,206,107,208,209,110;1219192020;;;;;;;;;;;;;;;;;;;;;;;;;;;;;;;;;;;;;;;;;;;;;;;;;;;;;;;;;;;;;;;;;;;;;;;;;;;;;;;;;;;;;;;;;;;;;;;;;;;;;;;;;;;;;;;;;;;;;;;;;;;;;;;;;;;;;;;;;;;;;;;;;;
201,102,103,104,205,106,207,208,209,210;1219194000;201,202,103,104,105,206,107,108,109,110;1219194720;;;;;;;;;;;;;;;;;;;;;;;;;;;;;;;;;;;;;;;;;;;;;;;;;;;;;;;;;;;;;;;;;;;;;;;;;;;;;;;;;;;;;;;;;;;;;;;;;;;;;;;;;;;;;;;;;;;;;;;;;;;;;;;;;;;;;;;;;;;;;;;;;;;;;;;;;;;;;;;;;;;;;;;;;;;;;;;;;;;;;;;;;;;;;;;;;;;;
201,202,103,104,105,206,107,108,109,110;1219206960;201,102,103,104,205,206,207,108,109,210;1219209120;201,202,103,104,205,206,207,108,109,210;1219214400;;;;;;;;;;;;;;;;;;;;;;;;;;;;;;;;;;;;;;;;;;;;;;;;;;;;;;;;;;;;;;;;;;;;;;;;;;;;;;;;;;;;;;;;;;;;;;;;;;;;;;;;;;;;;;;;;;;;;;;;;;;;;;;;;;;;;;;;;;;;;;;;;;;;;;;;;;;;;;;;;;;;;;;;;;;;;;;;;;;;;;;;;;;;;;;;;;
201,202,103,104,105,206,107,208,209,110;1219216620;;;;;;;;;;;;;;;;;;;;;;;;;;;;;;;;;;;;;;;;;;;;;;;;;;;;;;;;;;;;;;;;;;;;;;;;;;;;;;;;;;;;;;;;;;;;;;;;;;;;;;;;;;;;;;;;;;;;;;;;;;;;;;;;;;;;;;;;;;;;;;;;;;;;;;;;;;;;;;;;;;;;;;;;;;;;;;;;;;;;;;;;;;;;;;;;;;;;;;
101,102,103,104,205,106,107,208,209,110;1219220760;201,102,103,104,105,106,107,208,109,110;1219241280;201,202,103,104,105,206,107,208,209,110;1219241760;201,102,103,104,105,106,107,208,209,110;1219244940;201,202,103,104,105,106,207,208,209,210;1219246500;201,102,103,104,205,206,107,208,209,110;1219246560;201,102,103,104,205,206,107,108,109,110;1219249740;101,102,103,204,105,106,107,208,209,110;1219250100;201,202,203,204,205,206,107,208,209,110;1219252800;;;;;;;;;;;;;;;;;;;;;;;;;;;;;;;;;;;;;;;;;;;;;;;;;;;;;;;;;;;;;;;;;;;;;;;;;;;;;;;;;;;;;;;;;;;;;;;;;;;;;;;;;;;;;;;;;;;;;;;;;;;;;;;;;;;;;;;;;;;;;;;;;;;;;;;;;;;;;;;;;;;;;;;;;;;;;;;;;;;;;;
201,102,103,104,105,106,107,108,209,110;1219256340;201,102,103,104,105,106,107,108,109,110;1219260780;201,102,103,104,105,106,107,208,209,110;1219261260;101,102,103,104,205,106,107,108,109,110;1219262280;101,102,103,104,105,206,107,108,109,110;1219263180;201,102,103,104,205,206,107,108,109,110;1219265100;201,202,103,104,205,206,107,108,109,110;1219267080;201,202,103,104,105,206,107,208,209,110;1219268580;;;;;;;;;;;;;;;;;;;;;;;;;;;;;;;;;;;;;;;;;;;;;;;;;;;;;;;;;;;;;;;;;;;;;;;;;;;;;;;;;;;;;;;;;;;;;;;;;;;;;;;;;;;;;;;;;;;;;;;;;;;;;;;;;;;;;;;;;;;;;;;;;;;;;;;;;;;;;;;;;;;;;;;;;;;;;;;;;;;;;;;;
101,102,103,104,205,206,107,108,109,110;1219277460;201,102,103,104,105,206,107,208,209,110;1219279560;201,202,103,104,105,206,207,108,109,210;1219285320;201,102,103,104,105,206,107,108,109,110;1219285740;201,102,103,104,105,206,107,208,209,110;1219287960;201,102,103,104,205,206,107,208,209,110;1219288500;201,202,203,204,205,206,207,208,209,210;1219291800;;;;;;;;;;;;;;;;;;;;;;;;;;;;;;;;;;;;;;;;;;;;;;;;;;;;;;;;;;;;;;;;;;;;;;;;;;;;;;;;;;;;;;;;;;;;;;;;;;;;;;;;;;;;;;;;;;;;;;;;;;;;;;;;;;;;;;;;;;;;;;;;;;;;;;;;;;;;;;;;;;;;;;;;;;;;;;;;;;;;;;;;;;
201,202,103,104,105,106,107,208,209,110;1219310520;201,102,103,104,105,206,107,208,209,110;1219312800;201,202,103,104,105,206,107,208,209,110;1219314660;201,102,103,104,105,206,107,208,109,110;1219314780;201,102,103,104,105,206,107,108,109,110;1219315380;201,102,103,104,105,206,107,108,109,110;1219315920;101,102,103,204,205,206,107,108,109,110;1219317060;101,102,103,104,205,206,107,208,109,110;1219317540;201,102,103,104,205,106,207,108,109,210;1219318140;201,102,103,104,105,206,107,208,209,110;1219319100;201,202,103,104,205,206,107,108,109,110;1219322820;201,102,103,104,105,206,107,208,209,110;1219323900;201,102,103,104,105,206,107,208,209,210;1219323960;201,102,103,104,105,106,107,108,109,110;1219325520;201,202,103,104,105,206,107,208,209,110;1219326480;201,102,103,104,105,206,107,208,209,110;1219326600;201,202,103,104,205,206,207,208,209,210;1219328340;;;;;;;;;;;;;;;;;;;;;;;;;;;;;;;;;;;;;;;;;;;;;;;;;;;;;;;;;;;;;;;;;;;;;;;;;;;;;;;;;;;;;;;;;;;;;;;;;;;;;;;;;;;;;;;;;;;;;;;;;;;;;;;;;;;;;;;;;;;;;;;;;;;;;;;;;;;;;;;;;;;;;;
201,102,103,104,105,206,107,208,209,110;1219329360;101,102,103,104,205,206,107,208,209,110;1219332300;201,202,103,104,105,206,107,108,109,110;1219333440;201,202,103,104,205,206,107,108,109,110;1219334640;201,102,103,104,205,206,107,208,209,110;1219334700;;;;;;;;;;;;;;;;;;;;;;;;;;;;;;;;;;;;;;;;;;;;;;;;;;;;;;;;;;;;;;;;;;;;;;;;;;;;;;;;;;;;;;;;;;;;;;;;;;;;;;;;;;;;;;;;;;;;;;;;;;;;;;;;;;;;;;;;;;;;;;;;;;;;;;;;;;;;;;;;;;;;;;;;;;;;;;;;;;;;;;;;;;;;;;
201,102,103,104,205,206,107,108,109,110;1219336740;201,102,103,204,105,106,107,108,109,110;1219337580;201,102,103,104,105,206,107,208,209,110;1219338720;201,202,103,104,205,206,107,108,109,110;1219338720;101,102,103,104,105,206,107,208,209,110;1219340760;201,202,103,204,105,206,107,208,209,110;1219342740;201,202,103,104,105,206,207,208,209,210;1219342860;201,202,103,104,105,106,107,108,109,110;1219343820;201,102,103,104,105,106,107,108,109,110;1219347120;201,102,103,104,105,206,107,108,109,110;1219350300;201,102,103,104,105,206,207,208,209,210;1219351260;201,102,103,104,105,106,107,208,209,110;1219352880;201,102,103,104,105,206,107,208,209,110;1219354020;201,202,203,204,205,106,107,108,109,110;1219355580;201,102,103,104,105,106,107,108,109,110;1219355820;201,102,103,104,105,206,107,108,109,110;1219358580;201,102,103,104,205,206,107,108,109,110;1219358640;201,202,203,204,205,206,107,108,109,110;1219358820;201,202,103,104,105,206,107,208,209,110;1219359840;;;;;;;;;;;;;;;;;;;;;;;;;;;;;;;;;;;;;;;;;;;;;;;;;;;;;;;;;;;;;;;;;;;;;;;;;;;;;;;;;;;;;;;;;;;;;;;;;;;;;;;;;;;;;;;;;;;;;;;;;;;;;;;;;;;;;;;;;;;;;;;;;;;;;;;;;;;;;;;;;;
201,202,103,104,205,106,107,208,109,110;1219361160;201,102,103,104,205,206,107,108,109,110;1219361220;201,102,103,104,105,206,107,108,109,110;1219362840;201,102,103,104,205,206,107,108,209,110;1219363260;201,102,103,104,105,206,207,108,109,210;1219364700;201,102,103,104,105,106,107,208,209,110;1219366320;201,202,103,104,205,106,107,108,109,110;1219367880;201,102,103,104,205,206,107,108,109,110;1219370280;201,102,103,104,105,106,207,108,109,210;1219372800;201,102,103,104,205,206,107,108,109,110;1219373820;201,102,103,104,105,106,207,208,109,210;1219375260;101,102,103,104,205,106,107,208,209,110;1219375860;201,102,103,104,105,106,107,208,209,110;1219375920;201,202,103,204,205,106,207,108,109,210;1219377600;;;;;;;;;;;;;;;;;;;;;;;;;;;;;;;;;;;;;;;;;;;;;;;;;;;;;;;;;;;;;;;;;;;;;;;;;;;;;;;;;;;;;;;;;;;;;;;;;;;;;;;;;;;;;;;;;;;;;;;;;;;;;;;;;;;;;;;;;;;;;;;;;;;;;;;;;;;;;;;;;;;;;;;;;;;;
201,102,103,104,105,206,107,108,109,110;1219381440;201,202,103,104,105,206,207,108,109,210;1219382220;201,102,103,104,105,206,107,108,109,110;1219382820;201,202,103,104,205,106,107,208,209,110;1219390140;201,202,103,104,105,206,107,108,109,110;1219390140;201,202,103,104,205,206,107,208,209,110;1219392060;201,102,103,104,105,106,107,108,109,110;1219393080;201,102,103,104,105,206,107,108,109,110;1219394820;201,202,103,104,105,206,107,108,109,110;1219397520;201,102,103,104,105,106,107,108,109,110;1219399980;201,102,103,104,205,206,107,208,209,210;1219401420;201,102,103,104,105,206,107,108,109,110;1219401720;201,202,103,104,205,206,107,108,109,210;1219404120;201,102,103,104,105,206,107,108,109,110;1219409100;201,102,203,204,205,106,107,208,209,110;1219411500;201,202,103,104,105,206,107,108,109,110;1219412340;201,202,103,104,105,206,107,108,109,110;1219413240;201,102,103,104,105,206,107,108,109,110;1219425240;;;;;;;;;;;;;;;;;;;;;;;;;;;;;;;;;;;;;;;;;;;;;;;;;;;;;;;;;;;;;;;;;;;;;;;;;;;;;;;;;;;;;;;;;;;;;;;;;;;;;;;;;;;;;;;;;;;;;;;;;;;;;;;;;;;;;;;;;;;;;;;;;;;;;;;;;;;;;;;;;;;;
101,102,103,104,105,206,107,108,109,110;1219441560;201,102,103,104,105,206,107,108,109,110;1219441620;201,102,103,104,105,206,107,108,109,110;1219441740;201,102,103,104,105,206,107,108,109,110;1219442160;201,202,103,104,105,206,207,108,109,210;1219449840;201,102,103,104,105,206,107,108,109,110;1219454760;201,202,103,104,105,206,107,208,209,110;1219459800;201,102,103,104,105,206,107,108,109,110;1219459920;201,102,103,104,205,206,107,108,109,110;1219463820;201,102,103,104,205,206,107,108,109,110;1219463820;201,202,103,104,105,206,107,108,109,110;1219463880;201,102,103,104,205,206,107,208,209,110;1219463880;201,102,103,104,105,206,207,108,109,210;1219476240;201,102,103,104,105,206,107,108,109,110;1219489080;201,102,103,104,105,206,107,108,109,110;1219489320;101,102,103,104,105,206,107,108,109,110;1219497000;201,102,103,104,105,206,107,108,109,110;1219498140;;;;;;;;;;;;;;;;;;;;;;;;;;;;;;;;;;;;;;;;;;;;;;;;;;;;;;;;;;;;;;;;;;;;;;;;;;;;;;;;;;;;;;;;;;;;;;;;;;;;;;;;;;;;;;;;;;;;;;;;;;;;;;;;;;;;;;;;;;;;;;;;;;;;;;;;;;;;;;;;;;;;;;
201,102,103,104,105,206,107,108,109,110;1219537920;201,102,103,104,105,206,107,108,109,110;1219543200;201,102,103,104,205,206,107,108,109,110;1219554720;101,102,103,104,205,206,107,108,109,110;1219554840;201,102,103,104,205,206,107,108,109,210;1219565340;201,102,103,104,205,206,107,108,109,110;1219565640;201,102,203,204,205,206,207,208,209,210;1219575780;;;;;;;;;;;;;;;;;;;;;;;;;;;;;;;;;;;;;;;;;;;;;;;;;;;;;;;;;;;;;;;;;;;;;;;;;;;;;;;;;;;;;;;;;;;;;;;;;;;;;;;;;;;;;;;;;;;;;;;;;;;;;;;;;;;;;;;;;;;;;;;;;;;;;;;;;;;;;;;;;;;;;;;;;;;;;;;;;;;;;;;;;;
201,102,103,104,105,206,107,108,109,110;1219649340;201,102,103,104,105,206,107,108,109,110;1219790760;201,202,103,104,105,206,107,108,109,110;1219829880;201,102,103,104,105,206,107,108,109,110;1219832520;201,202,103,104,105,206,107,108,109,110;1219836900;201,102,103,104,105,206,107,108,109,110;1219839480;201,102,103,104,105,206,107,108,109,110;1219850040;201,102,103,104,105,206,107,108,109,110;1219870080;201,202,203,104,105,206,207,108,109,210;1219870680;201,102,103,104,205,106,107,108,109,110;1219885380;NaN,102,103,104,205,106,107,108,109,110;1219885440;201,102,103,104,205,106,107,108,109,110;1219886940;201,102,103,104,105,106,107,108,109,110;1219887480;201,102,103,104,105,106,107,108,109,110;1219887900;201,102,103,104,105,206,107,108,109,110;1219889400;201,102,103,104,205,206,107,108,109,110;1219890000;101,102,103,104,105,206,107,108,109,110;1219892040;201,202,103,104,105,206,207,108,109,210;1219892400;201,102,103,104,105,206,107,108,109,110;1219896900;201,102,103,104,105,206,107,108,109,110;1219898340;201,102,103,104,105,206,107,108,109,110;1219899360;201,102,103,104,105,206,107,108,109,110;1219902000;101,202,103,104,105,106,107,108,109,110;1219902660;201,102,103,104,105,106,107,108,109,110;1219905660;201,102,103,104,105,106,107,108,109,110;1219909560;201,102,103,104,105,106,107,108,109,110;1219909740;201,202,103,104,105,206,107,108,109,110;1219911300;201,202,103,204,105,106,107,208,209,110;1219912080;201,102,103,104,105,106,107,108,109,110;1219912320;201,102,103,104,105,106,107,108,109,110;1219915140;201,202,103,104,105,106,107,108,109,110;1219920240;201,102,103,104,105,206,107,108,109,110;1219927680;201,102,103,104,105,206,207,108,109,210;1219929540;201,102,103,104,105,106,107,108,109,110;1219932060;201,102,103,104,105,206,207,108,109,210;1219934580;201,102,103,104,205,206,207,108,109,210;1219935120;201,202,103,104,105,106,107,108,109,210;1219936860;201,202,103,104,105,206,107,108,109,110;1219937220;201,102,103,104,105,206,107,208,209,110;1219937520;201,102,103,104,105,106,107,108,109,110;1219939500;201,102,103,104,105,206,107,108,109,110;1219939800;201,102,103,104,205,206,107,108,109,110;1219940100;101,102,103,104,205,106,107,108,109,110;1219940700;201,102,103,104,205,206,107,108,109,110;1219942020;201,102,103,104,105,206,107,108,109,110;1219942620;201,102,103,104,105,206,107,108,109,110;1219947600;201,102,103,104,105,206,107,108,109,110;1219948740;;;;;;;;;;;;;;;;;;;;;;;;;;;;;;;;;;;;;;;;;;;;;;;;;;;;;;;;;;;;;;;;;;;;;;;;;;;;;;;;;;;;;;;;;;;;;;;;;;;;;;;;;;
201,102,103,104,105,206,107,108,109,110;1219950180;201,102,103,104,105,206,107,108,109,110;1219953120;201,102,103,104,105,206,107,108,109,110;1219957020;201,102,103,104,205,206,107,208,209,110;1219959600;201,102,103,104,105,206,107,108,109,110;1219959720;201,102,103,104,105,106,207,108,109,210;1219963740;201,102,103,104,105,206,107,108,109,110;1219964760;201,102,103,104,105,206,107,108,109,110;1219970280;201,102,103,104,105,206,107,108,109,110;1219970340;101,202,103,104,105,206,207,108,109,210;1219973220;201,202,103,104,205,206,207,208,109,210;1219973580;201,102,103,104,105,206,107,108,109,110;1219974360;201,202,103,104,105,206,107,108,109,110;1219978500;;;;;;;;;;;;;;;;;;;;;;;;;;;;;;;;;;;;;;;;;;;;;;;;;;;;;;;;;;;;;;;;;;;;;;;;;;;;;;;;;;;;;;;;;;;;;;;;;;;;;;;;;;;;;;;;;;;;;;;;;;;;;;;;;;;;;;;;;;;;;;;;;;;;;;;;;;;;;;;;;;;;;;;;;;;;;;
201,102,103,104,105,206,107,108,109,110;1219978560;201,102,103,104,105,206,207,108,109,210;1219979760;201,NaN,NaN,NaN,105,206,107,108,109,110;1219982040;201,NaN,NaN,NaN,105,206,NaN,108,109,NaN;1219982040;201,102,103,104,105,206,107,108,109,210;1219982220;201,102,103,104,105,206,107,108,109,210;1219982220;201,202,103,104,205,206,107,108,109,110;1219984500;201,102,103,104,105,206,107,108,109,110;1219984620;201,202,103,104,105,206,107,108,109,110;1219984800;201,202,103,104,105,206,207,108,109,210;1219985100;;;;;;;;;;;;;;;;;;;;;;;;;;;;;;;;;;;;;;;;;;;;;;;;;;;;;;;;;;;;;;;;;;;;;;;;;;;;;;;;;;;;;;;;;;;;;;;;;;;;;;;;;;;;;;;;;;;;;;;;;;;;;;;;;;;;;;;;;;;;;;;;;;;;;;;;;;;;;;;;;;;;;;;;;;;;;;;;;;;;
201,202,103,104,105,206,107,108,109,110;1219985640;101,102,103,104,205,206,107,108,109,110;1219987080;201,202,103,104,105,206,107,108,109,110;1219987320;201,102,103,104,105,206,107,108,109,110;1219987440;201,102,103,104,105,206,107,108,109,110;1219987980;201,102,103,104,105,206,107,108,109,110;1219987980;201,202,103,104,105,206,107,108,109,110;1219990200;201,102,103,104,205,206,107,108,109,110;1219990800;201,102,103,104,105,206,107,108,109,110;1219992060;201,102,103,104,205,206,107,108,109,110;1219992300;201,102,103,104,105,206,207,108,109,210;1220005260;201,102,103,104,105,206,107,108,109,110;1220005320;201,102,103,104,105,206,107,208,109,110;1220006220;101,102,103,104,105,206,107,108,109,110;1220007840;201,102,103,104,105,206,207,108,109,210;1220008440;201,102,103,104,105,206,207,108,109,210;1220009220;201,102,103,104,105,206,207,108,109,210;122010540;101,102,103,104,105,206,107,108,109,110;1220011860;201,102,103,104,105,206,207,108,109,210;1220012280;201,102,103,104,105,206,207,108,109,210;1220013000;201,102,103,104,105,206,107,108,109,110;1220014860;201,102,103,104,205,206,207,108,109,210;1220017380;201,102,103,104,205,206,107,108,109,110;1220019960;201,102,103,104,105,206,107,108,209,210;1220034060;201,102,103,104,105,206,107,108,109,110;1220035740;201,102,103,104,205,206,207,108,109,210;1220037900;101,102,103,104,105,206,107,208,109,110;1220039160;201,102,103,104,105,206,207,108,109,210;1220039640;201,102,103,104,105,206,107,208,109,110;1220040660;201,102,103,104,105,206,207,108,109,210;1220042700;201,102,103,104,105,206,107,108,109,110;1220042940;201,102,103,104,105,206,107,108,109,110;1220043360;201,102,103,104,105,206,107,108,109,110;1220047260;201,102,103,104,205,206,107,108,109,110;1220047500;201,102,103,104,105,206,107,108,109,110;1220050620;201,102,103,104,105,206,107,108,109,110;1220052540;201,102,103,104,105,206,207,108,109,210;1220054880;201,102,103,104,105,206,107,108,109,110;1220055720;101,102,103,104,105,206,107,108,109,110;1220056320;201,102,103,104,105,206,207,108,109,210;1220056740;201,102,103,104,105,206,207,108,109,210;1220057400;201,102,103,104,105,206,107,208,109,110;1220058600;201,102,103,104,105,206,207,108,109,210;1220062800;201,102,103,104,105,206,107,108,109,110;1220063040;201,102,103,104,105,206,207,208,109,210;1220064900;201,102,103,104,105,206,107,108,109,110;1220065500;201,102,103,104,105,206,107,108,109,110;1220065500;201,102,103,104,105,106,107,208,109,110;1220067480;201,202,103,104,205,206,107,108,109,110;1220068260;101,102,103,104,105,206,107,108,109,110;1220075400;201,102,103,104,105,206,107,208,109,110;1220075640;201,102,103,104,105,206,107,108,109,110;1220076600;201,102,103,104,105,106,107,108,109,110;1220077740;201,102,103,104,105,206,107,108,109,110;1220078520;101,102,103,104,105,206,107,108,109,110;1220079180;201,102,103,104,105,206,207,108,109,210;1220080380;201,102,103,104,105,206,107,108,109,110;1220081820;201,102,103,104,105,206,107,108,109,110;1220082300;;;;;;;;;;;;;;;;;;;;;;;;;;;;;;;;;;;;;;;;;;;;;;;;;;;;;;;;;;;;;;;;;;;;;;;;;;;;;;;;;;;;
201,102,103,104,205,106,207,108,109,210;1220084100;201,102,103,104,105,106,107,108,109,110;1220084160;201,102,103,104,105,206,107,108,109,110;1220087520;101,102,103,104,205,206,107,108,109,110;1220087640;201,102,103,104,205,106,107,108,109,110;1220087880;201,102,103,104,105,206,107,108,109,110;1220090220;201,202,103,104,105,206,207,108,109,210;1220098200;;;;;;;;;;;;;;;;;;;;;;;;;;;;;;;;;;;;;;;;;;;;;;;;;;;;;;;;;;;;;;;;;;;;;;;;;;;;;;;;;;;;;;;;;;;;;;;;;;;;;;;;;;;;;;;;;;;;;;;;;;;;;;;;;;;;;;;;;;;;;;;;;;;;;;;;;;;;;;;;;;;;;;;;;;;;;;;;;;;;;;;;;;
201,102,103,104,105,206,207,108,109,210;1220098980;201,102,103,104,205,206,107,108,109,110;1220099820;101,102,103,104,105,206,107,108,109,110;122101560;201,102,103,104,105,206,107,208,209,110;122102160;201,102,103,104,105,206,107,108,109,110;122103420;201,102,103,104,105,206,107,108,109,110;122104200;201,202,103,104,105,206,107,108,109,110;122104620;201,102,103,104,105,206,107,108,109,110;122106240;201,102,103,104,205,206,107,108,109,110;122108700;201,102,103,104,205,106,207,108,109,210;1220111340;201,102,103,104,105,206,107,108,109,110;1220116860;201,102,103,104,105,206,107,208,209,110;1220117220;201,102,103,104,105,206,107,108,109,110;1220119860;201,102,103,104,205,206,107,108,109,110;1220122380;201,102,103,104,105,206,207,208,109,210;1220125980;201,102,103,104,105,206,107,108,109,110;1220133060;201,102,103,104,105,206,107,108,109,110;1220144220;201,202,103,104,105,206,107,108,109,110;1220150760;;;;;;;;;;;;;;;;;;;;;;;;;;;;;;;;;;;;;;;;;;;;;;;;;;;;;;;;;;;;;;;;;;;;;;;;;;;;;;;;;;;;;;;;;;;;;;;;;;;;;;;;;;;;;;;;;;;;;;;;;;;;;;;;;;;;;;;;;;;;;;;;;;;;;;;;;;;;;;;;;;;;
201,202,103,104,105,206,107,108,109,110;1220151900;201,102,103,104,205,206,107,108,109,110;1220166660;201,102,103,104,105,206,107,108,109,110;1220171760;201,102,103,104,105,206,107,208,209,110;1220173140;;;;;;;;;;;;;;;;;;;;;;;;;;;;;;;;;;;;;;;;;;;;;;;;;;;;;;;;;;;;;;;;;;;;;;;;;;;;;;;;;;;;;;;;;;;;;;;;;;;;;;;;;;;;;;;;;;;;;;;;;;;;;;;;;;;;;;;;;;;;;;;;;;;;;;;;;;;;;;;;;;;;;;;;;;;;;;;;;;;;;;;;;;;;;;;;
201,102,103,104,205,206,107,108,109,110;1220173140;201,102,103,104,105,206,207,108,109,210;1220173380;201,102,103,104,105,206,107,108,109,110;1220188140;201,102,103,104,105,206,107,108,109,110;1220188380;201,102,103,104,105,206,107,108,109,110;1220193120;101,102,103,104,105,206,107,108,109,210;122207040;201,102,103,104,205,206,107,108,109,110;122209440;201,102,103,104,105,206,107,108,109,110;1220211960;201,102,103,104,105,206,107,108,109,110;1220212680;201,102,103,104,105,206,107,208,109,110;1220214720;201,102,103,104,105,206,207,108,109,210;1220215680;201,102,103,104,205,206,207,108,109,210;1220216220;201,102,103,104,105,206,207,208,209,210;1220220060;201,102,103,104,205,206,207,108,109,210;1220222340;201,102,103,104,105,206,107,108,109,110;1220222700;201,102,103,104,205,206,107,108,109,110;1220223180;201,102,103,104,105,206,107,108,109,110;1220239740;201,102,103,104,105,206,207,108,209,210;1220239920;201,102,103,104,105,206,107,108,109,110;1220242320;201,102,103,104,205,206,107,108,109,110;1220242860;201,102,103,104,105,206,107,108,209,110;1220244720;201,102,103,104,105,206,107,108,109,110;1220249880;201,102,103,104,105,206,107,108,109,110;1220252760;201,102,103,104,105,206,107,108,109,110;1220253540;201,102,103,104,205,206,107,108,109,110;1220255640;201,102,103,104,105,206,107,108,109,110;1220259420;201,102,103,104,205,206,107,108,109,110;1220262000;201,102,103,104,105,206,107,208,109,110;1220278800;201,202,203,204,205,206,207,108,109,210;1220291640;;;;;;;;;;;;;;;;;;;;;;;;;;;;;;;;;;;;;;;;;;;;;;;;;;;;;;;;;;;;;;;;;;;;;;;;;;;;;;;;;;;;;;;;;;;;;;;;;;;;;;;;;;;;;;;;;;;;;;;;;;;;;;;;;;;;;;;;;;;;;;
201,102,103,104,105,206,107,108,109,210;1220295060;201,102,103,104,205,206,107,108,109,110;1220299500;201,102,103,104,105,206,107,108,109,110;1220303100;101,102,103,104,105,206,107,108,109,110;1220303940;201,102,103,104,105,206,107,108,109,110;1220304240;201,102,103,104,105,206,207,208,209,210;1220304480;201,102,103,104,105,206,107,108,109,110;1220305140;201,102,103,104,105,206,107,108,109,210;1220305500;201,102,203,204,105,206,107,108,109,110;1220306340;201,102,103,104,205,206,107,108,109,110;1220307960;201,102,103,104,105,206,107,108,109,110;1220308260;201,202,103,104,105,206,107,108,109,110;1220309160;201,102,103,104,205,206,107,108,109,110;1220310540;201,102,103,104,105,206,207,108,109,210;1220310600;201,102,103,104,105,206,107,108,109,110;1220310600;201,102,103,104,105,206,107,108,109,110;1220312160;201,102,103,104,105,206,107,108,109,110;1220313000;201,102,103,104,205,206,107,108,109,110;1220313720;201,102,103,104,105,206,107,108,109,110;1220314260;201,102,103,104,105,206,107,108,109,110;1220316600;201,102,103,104,205,206,107,108,109,110;1220316720;201,102,103,104,205,206,107,108,109,110;1220319180;201,102,103,104,105,206,107,108,109,110;1220319300;201,102,103,104,105,206,107,108,109,110;1220319300;201,102,103,104,105,206,107,108,109,110;1220321940;201,102,103,104,105,206,207,108,109,210;1220322120;201,102,103,104,105,206,207,108,109,210;1220323560;201,102,103,104,105,206,107,108,109,110;1220328180;201,102,103,104,105,206,107,108,109,110;1220329140;101,102,103,104,105,206,107,108,109,110;1220329920;201,102,103,104,105,206,107,108,109,110;1220330880;201,102,103,104,205,206,107,108,109,110;1220332920;201,102,103,104,105,206,207,108,109,210;1220333520;201,102,103,104,205,206,207,108,109,210;1220336100;201,102,103,104,205,206,107,108,109,110;1220338440;201,102,103,104,205,206,107,108,109,110;1220340960;201,102,103,104,105,206,107,108,109,110;1220341020;201,102,103,104,105,206,107,108,109,110;1220343180;201,102,103,104,105,206,107,108,109,110;1220343660;101,102,103,104,205,206,107,108,109,110;1220343900;201,102,103,104,105,206,107,108,109,110;1220344380;201,102,103,104,105,206,107,108,109,110;1220346480;201,102,103,104,105,206,107,108,109,110;1220347320;201,102,103,104,105,206,107,108,109,110;1220348820;201,102,103,104,105,206,107,108,109,110;1220348940;201,102,103,104,105,206,207,208,109,210;1220349660;201,102,103,104,205,206,107,108,109,110;1220350620;201,102,103,104,105,206,107,208,209,110;1220351160;201,102,103,104,105,206,107,108,109,110;1220351400;201,102,103,104,205,206,107,108,109,110;1220352240;201,102,103,104,205,206,207,108,109,210;1220353500;201,102,103,104,105,206,107,108,109,110;1220353680;201,102,103,104,105,206,107,108,109,110;1220354820;201,102,103,104,105,206,107,108,109,110;1220355600;201,102,103,104,205,206,107,208,209,110;1220357340;101,102,103,104,205,206,107,108,109,110;1220358060;201,102,103,104,105,206,107,108,109,110;1220358840;201,102,103,104,205,206,107,108,109,110;1220362140;201,102,103,104,105,206,107,108,109,110;1220364600;101,102,103,104,205,206,107,108,109,110;1220367000;201,102,103,104,205,206,107,108,109,110;1220367240;201,102,103,104,105,206,107,108,109,110;1220367480;201,102,103,104,205,206,107,108,109,110;1220368200;201,102,103,104,105,206,107,208,209,110;1220368680;201,102,103,104,105,206,107,108,109,110;1220373480;201,102,103,104,105,206,107,108,109,110;1220374320;101,102,103,204,105,206,107,108,109,110;1220375880;201,102,103,104,105,206,107,108,109,110;1220379480;201,102,103,104,105,206,107,108,109,210;1220381520;201,102,103,104,205,206,107,108,109,110;1220381880;201,102,103,104,105,206,107,208,209,110;1220381940;201,102,103,104,205,206,207,108,109,210;1220393880;201,102,103,104,105,206,207,108,109,210;1220395500;201,102,103,104,105,206,207,108,109,210;1220396280;201,202,103,104,205,206,207,108,109,210;1220397300;;;;;;;;;;;;;;;;;;;;;;;;;;;;;;;;;;;;;;;;;;;;;;;;;;
201,102,103,104,105,206,107,108,109,110;1220398320;101,102,103,104,105,206,107,108,109,110;1220408280;101,102,103,104,105,206,107,108,109,110;1220415960;201,102,103,104,105,206,107,108,109,110;1220427480;201,102,103,104,105,206,107,108,109,110;1220444640;101,102,103,104,105,206,107,108,109,110;1220444940;201,202,103,104,105,206,207,108,109,210;1220455320;201,102,103,104,105,206,107,108,109,110;1220458560;101,102,103,104,105,206,107,108,109,110;1220458560;101,102,103,104,105,206,107,108,109,110;1220464800;101,102,103,104,105,206,107,108,109,110;1220465400;101,102,103,104,105,206,107,108,109,110;1220508060;101,102,103,104,105,206,107,108,109,110;1220509320;101,102,103,104,105,206,107,108,109,110;1220509980;201,102,103,104,105,206,107,108,109,110;1220510460;201,102,103,104,105,206,207,108,109,210;1220511180;201,102,103,104,105,206,107,108,109,110;1220521800;201,102,103,104,105,206,207,108,109,210;1220530140;201,102,103,104,105,206,107,108,109,110;1220530260;201,102,103,104,105,206,107,108,109,110;1220532480;201,102,103,104,105,206,107,108,109,110;1220538600;201,102,103,104,105,206,107,108,109,210;1220539260;101,102,103,104,105,206,107,108,109,110;1220540160;201,102,103,104,105,206,207,108,109,210;1220542200;201,102,103,104,105,206,107,108,109,110;1220621400;201,102,103,104,105,206,107,108,109,110;1220644080;201,102,103,104,105,206,107,108,109,110;1220738880;201,102,103,104,105,206,107,108,109,110;1220739120;201,102,103,104,205,206,207,108,109,210;1220741340;101,102,103,104,205,206,107,108,109,110;1220777520;101,102,103,104,105,206,107,108,109,110;1220781840;201,102,103,104,105,206,107,108,109,110;1220782800;101,102,103,104,205,206,107,108,109,110;1220785320;101,102,103,104,205,206,107,108,109,110;1220803320;201,102,103,104,105,206,107,108,109,110;1220804640;101,102,103,104,205,206,107,108,109,110;1220806140;101,202,103,104,205,206,107,108,109,110;1220808540;201,202,103,104,105,206,107,108,109,110;1220808660;201,102,103,104,105,206,107,108,109,110;1220811120;101,202,103,104,105,206,107,108,109,110;1220813400;101,202,103,104,205,206,107,108,109,110;1220823180;201,102,103,104,105,206,107,108,109,210;1220826720;201,102,103,104,205,206,207,108,109,210;1220827200;201,102,103,104,205,206,107,108,109,110;1220829840;201,102,103,104,105,206,207,108,109,210;1220837520;201,102,103,104,205,206,107,108,109,110;1220838480;201,102,103,104,105,206,107,108,109,110;1220840460;201,102,103,104,105,206,107,108,109,110;1220848620;201,102,103,104,105,206,107,108,109,110;1220850840;201,102,103,104,105,206,107,108,109,110;1220852460;101,102,103,104,105,206,107,108,109,110;1220892360;201,102,103,104,205,206,107,108,109,110;1220894040;101,102,103,104,105,206,107,108,109,110;1220894100;101,102,103,104,205,206,207,108,109,210;1220894700;101,102,103,104,105,206,107,108,109,110;1220895180;201,102,103,104,105,206,107,108,109,110;1220896800;201,102,103,104,105,206,107,108,109,110;1220902560;101,102,103,104,205,206,107,108,109,110;1220903580;101,102,103,104,205,206,107,208,209,110;1220905020;201,102,103,104,205,206,107,108,109,110;1220912700;101,102,103,104,105,206,107,108,109,110;1220925180;201,102,103,104,105,206,107,108,109,110;1220942640;101,102,103,104,105,206,107,108,109,110;1221024360;201,102,103,104,105,206,107,108,109,110;1221031260;201,102,103,104,205,206,107,108,109,110;1221072720;101,102,103,104,105,206,207,108,109,210;1221072780;201,102,103,104,105,206,107,108,109,110;1221076560;101,102,103,104,105,206,107,108,109,110;1221082200;201,102,103,104,105,206,107,108,109,210;1221082980;101,102,103,104,105,206,107,108,109,110;1221085020;101,102,103,104,105,206,107,108,109,110;1221103200;201,102,103,104,105,206,107,108,109,110;1221105840;101,102,103,104,205,206,107,108,109,110;1221111780;101,202,103,104,105,206,107,208,109,110;1221113160;201,102,103,104,205,206,107,108,109,110;1221116280;101,102,103,104,105,206,107,208,109,110;1221117840;101,102,103,104,205,206,107,108,109,110;1221130020;201,102,103,104,205,206,107,208,109,110;1221132960;101,102,103,104,105,206,207,108,109,210;1221135600;201,102,103,104,105,206,107,108,109,110;1221135840;101,102,103,104,105,206,107,108,109,110;1221136260;101,102,103,104,105,206,107,108,109,110;1221138300;201,102,103,104,105,206,107,108,109,210;1221138480;101,102,103,104,105,206,207,108,109,210;1221143280;201,102,103,104,105,206,107,108,109,110;1221160380;201,102,103,104,105,206,107,108,109,110;1221163620;;;;;;;;;;;;;;;;;;;;;;;;;;;;
201,102,103,104,105,206,107,108,109,110;1221167400;201,102,103,104,105,206,107,108,109,110;1221169680;;;;;;;;;;;;;;;;;;;;;;;;;;;;;;;;;;;;;;;;;;;;;;;;;;;;;;;;;;;;;;;;;;;;;;;;;;;;;;;;;;;;;;;;;;;;;;;;;;;;;;;;;;;;;;;;;;;;;;;;;;;;;;;;;;;;;;;;;;;;;;;;;;;;;;;;;;;;;;;;;;;;;;;;;;;;;;;;;;;;;;;;;;;;;;;;;;;;
201,102,103,104,105,206,107,108,109,110;1221189060;201,102,103,104,205,206,107,108,109,110;1221191700;101,102,103,104,105,206,207,108,109,210;1221194280;201,102,103,104,105,206,107,108,109,110;1221194460;201,102,103,104,205,206,107,108,109,110;1221194700;101,102,103,104,105,106,107,108,109,110;1221196860;101,202,103,104,105,106,107,108,109,110;1221197340;201,102,103,104,105,206,107,108,109,110;1221197880;101,202,103,104,105,206,107,108,109,110;1221213420;201,102,103,104,105,106,107,108,109,110;1221217680;101,102,103,104,205,206,107,108,109,110;1221223920;101,102,103,104,105,106,107,108,109,110;1221226800;201,102,103,104,205,106,107,108,109,110;1221229380;101,102,103,104,105,206,107,108,109,110;1221235260;101,102,103,104,105,206,107,108,109,110;1221238320;101,102,103,104,105,206,107,108,109,110;1221240960;201,NaN,NaN,NaN,105,206,NaN,108,109,NaN;1221244080;101,102,103,104,205,206,107,108,109,110;1221246720;101,102,103,104,105,206,107,108,109,110;1221251100;101,102,103,104,105,106,107,208,109,110;1221252300;101,102,103,104,205,106,107,108,109,110;1221254880;101,202,103,104,105,206,107,108,109,110;1221255600;101,102,103,104,105,206,107,108,109,110;1221258300;101,102,103,104,105,206,107,108,109,110;1221267420;201,102,103,104,105,206,107,108,109,110;1221268440;101,202,103,104,105,106,207,108,109,210;1221290340;101,202,103,104,105,206,107,108,109,110;1221296100;201,102,103,104,105,206,107,108,109,110;1221298920;201,102,103,104,205,206,107,108,109,110;1221299760;;;;;;;;;;;;;;;;;;;;;;;;;;;;;;;;;;;;;;;;;;;;;;;;;;;;;;;;;;;;;;;;;;;;;;;;;;;;;;;;;;;;;;;;;;;;;;;;;;;;;;;;;;;;;;;;;;;;;;;;;;;;;;;;;;;;;;;;;;;;;;
201,202,103,104,105,206,107,108,109,110;1221302880;201,102,103,104,105,206,107,108,109,110;1221307620;201,102,103,104,105,206,107,108,109,110;1221314640;201,102,103,104,105,206,107,108,109,110;1221314640;201,102,103,104,105,206,107,108,109,110;1221329160;;;;;;;;;;;;;;;;;;;;;;;;;;;;;;;;;;;;;;;;;;;;;;;;;;;;;;;;;;;;;;;;;;;;;;;;;;;;;;;;;;;;;;;;;;;;;;;;;;;;;;;;;;;;;;;;;;;;;;;;;;;;;;;;;;;;;;;;;;;;;;;;;;;;;;;;;;;;;;;;;;;;;;;;;;;;;;;;;;;;;;;;;;;;;;
101,102,103,104,105,206,107,108,109,110;1221353400;201,202,103,104,105,206,107,108,109,110;1221353940;201,102,103,104,105,206,107,108,109,110;1221397320;201,202,103,104,105,206,107,108,109,110;1221399960;201,102,103,104,105,206,107,108,109,110;1221402840;101,102,103,104,105,206,107,108,109,110;1221406800;201,102,103,104,105,206,107,108,109,110;1221409620;101,102,103,104,105,206,107,108,109,110;1221409620;101,102,103,104,105,206,107,108,109,110;1221412380;101,202,103,104,105,206,107,108,109,110;1221415200;201,102,103,104,105,206,107,108,109,110;1221417780;101,102,103,104,105,206,107,108,109,110;1221417900;201,102,103,104,205,206,107,108,109,110;1221420660;101,102,103,104,105,206,107,108,109,110;1221426000;201,NaN,NaN,NaN,105,206,NaN,108,109,NaN;1221437040;201,102,103,104,105,206,107,108,109,110;1221465780;101,202,103,104,105,106,107,108,109,110;1221471600;101,102,103,104,105,106,107,208,209,110;1221474420;101,102,103,104,105,106,107,108,109,110;1221487800;101,102,103,104,105,106,107,108,109,110;1221490740;101,102,103,104,105,106,107,108,109,110;1221501240;201,202,103,104,105,106,107,108,109,110;1221508560;101,202,103,104,205,206,107,108,109,110;1221509580;101,202,103,104,105,106,107,108,109,110;1221511500;201,102,103,104,105,206,107,108,109,110;1221512040;201,102,103,104,105,206,107,108,109,110;1221514620;101,202,103,104,105,106,107,108,109,110;1221543540;101,202,103,104,105,106,107,108,109,110;1221544080;201,102,103,104,105,106,107,108,109,210;1221547800;101,202,103,104,205,106,107,108,109,110;1221547920;101,102,103,104,205,106,107,108,109,110;1221550620;201,102,103,104,105,206,207,108,109,210;1221577620;201,102,103,104,205,106,207,108,109,210;1221581340;101,102,103,104,105,106,107,108,109,110;1221582180;201,202,103,104,105,206,107,108,109,110;1221586440;101,102,103,104,105,206,107,108,109,110;1221587100;201,102,103,104,105,106,107,108,109,110;1221592860;101,202,103,104,105,206,107,108,109,110;1221597900;201,102,103,104,105,206,107,108,109,110;1221609660;201,202,103,104,105,206,107,108,109,110;1221618180;;;;;;;;;;;;;;;;;;;;;;;;;;;;;;;;;;;;;;;;;;;;;;;;;;;;;;;;;;;;;;;;;;;;;;;;;;;;;;;;;;;;;;;;;;;;;;;;;;;;;;;;;;;;;;;;;;;;;;;;
101,102,103,104,105,106,107,108,109,110;1221628440;201,102,103,104,105,206,107,108,109,110;1221629280;101,102,103,104,105,206,107,108,109,110;1221681120;201,102,103,104,105,106,107,108,109,110;1221692220;201,102,103,104,105,206,107,108,109,110;1221694800;201,102,103,104,105,206,107,108,109,110;1221694980;101,102,103,104,105,206,107,108,109,110;1221696060;201,102,103,104,105,206,107,108,109,110;1221703080;201,102,103,104,105,206,107,208,209,110;1221703080;101,102,103,104,105,206,107,108,109,110;1221709440;201,102,103,104,105,206,107,108,109,110;1221710280;201,102,103,104,105,206,107,108,109,110;1221717840;201,202,103,104,105,206,107,108,109,110;1221727680;101,102,103,104,105,106,107,108,109,110;1221738480;201,102,103,104,105,206,107,108,109,110;1221751320;101,102,103,104,105,106,107,108,109,110;1221754320;201,102,103,104,105,106,107,108,109,110;1221756960;201,102,103,104,105,106,107,108,109,110;1221765120;201,102,103,104,105,106,107,108,109,110;1221767760;201,102,103,104,105,206,107,108,109,110;1221771600;201,102,103,104,105,206,107,108,109,110;1221771900;201,102,103,104,105,206,107,108,109,110;1221774240;201,102,103,104,105,206,107,108,109,110;1221777000;201,102,103,104,105,206,107,108,109,110;1221782220;201,102,103,104,105,206,107,108,109,110;1221785040;201,102,103,104,105,106,107,108,109,110;1221792120;201,102,103,104,105,106,107,108,109,110;1221795180;201,202,103,104,105,206,107,108,109,110;1221796620;201,102,103,104,105,106,107,108,109,110;1221796860;201,102,103,104,105,106,107,108,109,110;1221799440;101,102,103,104,105,106,107,108,109,110;1221801240;201,102,103,104,105,106,107,108,109,110;1221801480;201,102,103,104,105,206,107,108,109,110;1221804480;201,102,103,104,105,206,107,108,109,110;1221807120;201,102,103,104,105,106,107,108,109,110;1221808320;101,102,103,104,105,106,107,108,109,110;1221810420;201,102,103,104,105,106,107,108,109,110;1221813900;101,102,103,104,105,106,107,108,109,110;1221815580;201,102,103,104,105,206,107,108,109,110;1221818040;201,102,103,104,105,206,107,108,109,110;1221825540;201,102,103,104,105,206,107,108,109,110;1221831060;201,102,103,104,105,206,107,108,109,110;1221835200;201,202,103,104,105,206,107,108,109,110;1221836280;;;;;;;;;;;;;;;;;;;;;;;;;;;;;;;;;;;;;;;;;;;;;;;;;;;;;;;;;;;;;;;;;;;;;;;;;;;;;;;;;;;;;;;;;;;;;;;;;;;;;;;;;;;;;;;;;;
201,102,103,104,105,106,107,108,109,110;1221839220;201,102,103,104,105,106,107,108,109,110;1221840660;201,102,103,104,105,106,107,108,109,110;1221841980;201,102,103,104,105,106,107,108,109,110;1221844680;201,102,103,104,105,106,107,108,109,110;1221845340;201,202,103,104,105,106,107,208,209,110;1221847500;101,102,103,104,105,106,107,108,109,110;1221847620;201,102,103,104,105,106,107,108,109,110;1221847800;101,202,103,204,105,106,107,108,209,110;1221848220;201,202,103,104,205,206,107,108,109,110;1221848340;;;;;;;;;;;;;;;;;;;;;;;;;;;;;;;;;;;;;;;;;;;;;;;;;;;;;;;;;;;;;;;;;;;;;;;;;;;;;;;;;;;;;;;;;;;;;;;;;;;;;;;;;;;;;;;;;;;;;;;;;;;;;;;;;;;;;;;;;;;;;;;;;;;;;;;;;;;;;;;;;;;;;;;;;;;;;;;;;;;;
101,102,103,104,105,206,107,208,209,110;1221851280;201,202,103,104,105,206,107,108,109,110;1221851340;;;;;;;;;;;;;;;;;;;;;;;;;;;;;;;;;;;;;;;;;;;;;;;;;;;;;;;;;;;;;;;;;;;;;;;;;;;;;;;;;;;;;;;;;;;;;;;;;;;;;;;;;;;;;;;;;;;;;;;;;;;;;;;;;;;;;;;;;;;;;;;;;;;;;;;;;;;;;;;;;;;;;;;;;;;;;;;;;;;;;;;;;;;;;;;;;;;;
101,102,103,104,105,106,107,108,109,110;1221851580;101,202,103,104,105,106,107,208,209,110;1221851640;201,102,103,104,105,206,107,108,109,110;1221854340;;;;;;;;;;;;;;;;;;;;;;;;;;;;;;;;;;;;;;;;;;;;;;;;;;;;;;;;;;;;;;;;;;;;;;;;;;;;;;;;;;;;;;;;;;;;;;;;;;;;;;;;;;;;;;;;;;;;;;;;;;;;;;;;;;;;;;;;;;;;;;;;;;;;;;;;;;;;;;;;;;;;;;;;;;;;;;;;;;;;;;;;;;;;;;;;;;
101,102,103,104,105,106,107,108,109,110;1221859560;201,102,103,104,105,106,107,108,109,110;1221859980;201,102,103,104,105,106,107,108,109,110;1221862680;201,102,103,104,105,206,107,108,109,110;1221863580;201,102,103,104,105,106,107,108,109,110;1221875880;101,102,103,104,105,106,107,108,109,110;1221876780;201,102,103,104,105,106,107,108,109,110;1221877680;201,102,103,104,105,106,107,108,109,110;1221880920;201,202,103,104,105,106,107,108,109,110;1221881100;201,102,103,104,105,106,107,108,109,110;1221881640;201,102,103,104,105,206,107,108,109,110;1221883680;201,102,103,104,105,106,107,108,109,110;1221888060;201,102,103,104,105,106,107,108,109,110;1221891240;101,102,103,104,105,206,107,108,109,110;1221900660;201,102,103,104,105,106,107,108,109,110;1221902280;201,102,103,104,105,106,107,108,109,110;1221906000;101,102,103,104,105,106,107,108,109,110;1221906360;201,102,103,104,105,106,107,108,109,110;1221906420;201,102,103,104,105,106,107,108,109,110;1221906960;201,202,103,104,105,106,107,108,109,110;1221908220;101,102,103,104,105,106,107,108,109,110;1221912000;201,102,103,104,105,106,107,108,109,110;1221912360;201,102,103,104,105,206,107,108,109,110;1221914520;201,102,103,104,105,106,107,108,109,110;1221915000;201,102,103,104,105,106,107,108,109,110;1221915180;201,102,103,104,105,106,107,108,109,110;1221915720;201,102,103,104,105,206,107,108,109,110;1221916740;101,102,103,104,105,206,107,108,109,110;1221917820;201,102,103,104,105,106,107,108,109,110;1221918360;201,102,103,104,105,106,107,108,109,110;1221921780;201,102,103,104,105,106,107,108,109,110;1221921840;201,102,103,104,105,106,107,108,109,110;1221924360;201,102,103,104,105,106,107,108,109,110;1221924540;201,102,103,104,105,206,107,108,109,110;1221926580;201,102,103,104,105,106,107,108,109,110;1221927660;201,102,103,104,105,106,107,108,109,110;1221929760;201,102,103,104,105,106,207,108,109,210;1221930840;201,102,103,104,105,106,107,208,209,110;1221931260;201,102,103,104,105,106,107,108,109,110;1221946440;101,102,103,104,105,106,107,108,109,110;1221950880;201,202,103,104,105,206,107,108,109,110;1221951960;201,102,103,104,105,106,107,108,109,110;1221955620;201,102,103,104,105,206,107,108,109,110;1221959040;201,102,103,104,105,106,107,108,109,110;1221961620;201,102,103,104,105,106,107,108,109,110;1221963420;201,102,103,104,105,106,107,108,109,110;1221965340;201,102,103,104,105,106,107,108,109,110;1221975000;201,102,103,104,105,206,107,108,109,110;1221976500;201,102,103,104,105,106,107,108,109,110;1221978120;201,102,103,104,105,106,107,108,109,110;1221979740;201,102,103,104,105,106,107,108,109,110;1221981360;201,102,103,104,105,106,107,108,109,110;1221982260;101,102,103,104,105,106,107,108,109,110;1221984420;101,102,103,104,105,106,107,108,109,110;1221986940;201,102,103,104,105,106,107,108,109,110;1221989580;201,102,103,104,105,206,107,108,109,110;1221991440;201,102,103,104,105,106,107,108,109,110;1222000200;201,102,103,104,105,106,107,108,109,110;1222000260;201,102,103,104,105,106,107,108,109,110;1222000380;101,102,103,104,105,106,107,108,109,110;1222002900;201,102,103,104,105,106,107,108,109,110;1222003560;201,102,103,104,105,106,107,108,109,110;1222004040;201,102,103,104,105,106,107,108,109,110;1222008180;201,102,103,104,105,106,107,108,109,110;122210760;201,102,103,104,105,106,107,108,109,110;122211000;101,NaN,NaN,NaN,105,206,NaN,108,109,NaN;1222013520;201,102,103,104,105,106,107,108,109,110;1222017540;101,102,103,104,105,106,107,108,109,110;1222022100;201,102,103,104,205,106,107,108,109,110;1222026840;201,102,103,104,105,106,107,108,109,110;1222027320;101,102,103,104,105,106,107,108,109,110;1222035120;101,102,103,104,105,106,107,108,109,110;1222036080;201,102,103,104,205,106,107,108,109,110;1222037220;201,102,103,104,105,106,107,108,109,110;1222040580;201,102,103,104,105,106,107,108,109,110;1222048260;201,102,103,104,105,206,107,108,109,110;1222056300;101,102,103,104,105,106,107,108,109,110;1222060320;201,102,103,104,105,206,107,108,109,110;1222072980;201,102,103,104,105,206,107,108,109,110;1222077000;201,102,103,104,105,206,107,108,109,110;1222078260;201,102,103,104,105,206,107,108,109,110;1222080300;201,102,103,104,205,106,107,108,109,110;1222081380;201,102,103,104,205,106,107,108,109,110;1222086240;201,102,103,104,205,106,107,108,109,110;1222086420;201,102,103,104,105,106,107,108,109,110;1222086960;201,102,103,104,105,206,107,108,109,110;1222093500;201,102,103,104,105,106,107,108,109,110;1222111800;201,102,103,104,105,106,107,108,109,110;1222111860;201,102,103,104,105,106,107,108,109,110;1222114500;201,102,103,104,105,106,107,108,109,110;1222114620;201,102,103,104,105,206,107,108,109,110;1222117260;201,102,103,104,105,206,107,108,209,110;1222117800;201,102,103,104,105,206,207,108,109,210;1222124220;201,102,103,104,105,206,107,108,109,110;1222145040;201,102,103,104,105,206,107,208,209,110;1222145040;201,102,103,104,105,206,107,108,109,110;1222145520;201,102,103,104,105,206,107,108,109,110;1222149480;101,102,103,104,105,206,107,108,109,110;1222150260;201,102,103,104,105,206,107,108,109,110;1222155780;201,102,103,104,105,106,207,108,109,210;1222161240
201,102,103,104,105,206,107,108,109,110;1222162920;201,102,103,104,105,206,107,108,109,110;1222162980;201,102,103,104,105,206,107,108,109,110;1222165740;201,102,103,104,105,206,107,208,209,110;1222165860;201,102,103,104,105,206,107,108,109,110;1222166760;201,102,103,104,105,206,107,108,109,110;1222169820;201,102,103,104,105,206,207,108,109,210;1222176180;201,102,103,104,105,206,107,108,109,110;1222176780;201,102,103,104,105,206,107,108,109,110;1222178280;201,102,103,104,105,206,107,108,109,110;1222186200;201,102,103,104,205,106,107,108,109,110;1222187760;201,102,103,104,105,206,107,108,109,110;1222188960;201,102,103,104,105,106,107,108,109,110;1222193880;201,102,103,104,105,206,107,108,109,110;1222196340;201,102,103,104,105,206,107,108,109,110;1222197960;201,102,103,104,105,206,107,108,109,110;1222201500;201,102,103,104,105,206,107,108,109,110;1222215540;201,102,103,104,105,206,107,108,109,110;1222217040;201,102,103,104,105,106,107,108,109,110;1222219920;201,102,103,104,105,206,107,108,109,110;1222220400;101,102,103,104,105,106,107,108,109,210;1222225980;201,102,103,104,105,206,107,108,109,110;1222226520;201,102,103,104,105,206,107,208,209,110;1222229580;201,102,103,104,105,206,107,108,109,110;1222229640;201,102,103,104,NaN,206,107,108,109,110;1222233780;201,102,103,104,105,206,107,108,109,110;1222243800;201,102,103,104,105,206,107,108,109,110;1222246380;201,102,103,104,105,206,107,108,109,110;1222246740;201,102,103,104,105,206,107,108,109,110;1222249620;201,102,103,104,105,206,107,108,109,110;1222250640;201,102,103,104,105,206,107,108,109,110;1222252500;201,102,103,104,105,206,107,108,109,110;1222254060;201,102,103,104,105,206,107,108,109,110;1222261500;;;;;;;;;;;;;;;;;;;;;;;;;;;;;;;;;;;;;;;;;;;;;;;;;;;;;;;;;;;;;;;;;;;;;;;;;;;;;;;;;;;;;;;;;;;;;;;;;;;;;;;;;;;;;;;;;;;;;;;;;;;;;;;;;;;;;;
201,102,103,104,105,206,107,108,109,110;1222263540;201,102,103,104,105,206,107,108,109,110;1222263720;201,102,103,104,105,206,107,108,109,110;1222263780;101,102,103,104,205,206,107,108,109,110;1222266360;201,102,103,104,105,206,107,108,109,110;1222271640;101,102,103,104,105,206,107,108,109,110;1222272300;201,102,103,104,105,206,107,108,109,110;1222297500;201,102,103,104,105,206,107,108,109,110;1222300980;101,102,103,104,105,206,107,108,109,110;1222316460;201,102,103,104,105,206,107,108,109,110;1222319520;201,102,103,104,105,206,107,108,109,110;1222322280;201,102,103,104,105,206,107,108,109,110;1222325100;201,102,103,104,105,206,107,108,109,110;1222327860;201,102,103,104,105,206,107,108,109,110;1222330980;201,102,103,104,105,206,107,108,109,110;1222333680;201,102,103,104,105,206,107,108,109,110;1222333740;201,102,103,104,105,206,107,108,109,110;1222336500;201,102,103,104,105,206,107,108,109,110;1222342920;101,102,103,104,105,206,107,108,109,110;1222344480;201,102,103,104,105,206,107,108,109,110;1222345680;201,102,103,104,105,206,107,108,109,110;1222348320;201,102,103,104,105,206,107,108,109,110;1222350000;201,102,103,104,105,206,107,108,109,110;1222350900;201,102,103,104,105,206,107,108,109,110;1222353840;201,102,103,104,105,206,107,108,109,110;1222356480;201,102,103,104,105,206,107,108,109,110;1222356540;201,102,103,104,105,206,107,108,109,110;1222364940;201,102,103,104,105,206,107,108,109,110;1222373100;201,102,103,104,105,206,107,108,109,110;1222376640;201,102,103,104,105,206,107,108,109,110;1222379280;201,102,103,104,105,206,107,108,109,110;1222381140;201,102,103,104,105,206,107,108,109,110;1222384860;201,102,103,104,105,206,107,108,109,110;1222388760;201,102,103,104,105,206,107,108,109,110;1222391520;201,102,103,104,105,206,107,108,109,110;1222392540;201,102,103,104,105,206,107,108,109,110;1222395240;201,102,103,104,105,206,107,108,109,110;1222399920;201,102,103,104,105,206,107,108,109,110;1222420080;201,102,103,104,105,206,107,108,109,110;1222428960;201,102,103,104,105,206,107,108,109,110;1222429500;201,102,103,104,105,206,107,108,109,110;1222431600;201,102,103,104,105,206,107,108,109,110;1222433460;201,102,103,104,105,206,107,108,109,110;1222434360;201,102,103,104,105,206,107,108,109,110;1222436160;201,102,103,104,105,206,107,108,109,110;1222436940;201,102,103,104,105,206,107,108,109,110;1222439460;201,102,103,104,105,206,107,108,109,110;1222444740;201,102,103,204,105,206,107,108,109,110;1222448040;101,102,103,104,105,206,107,108,109,110;1222450680;101,102,103,104,105,206,107,108,109,110;1222451100;201,102,103,104,105,206,107,108,109,110;1222451700;201,102,103,104,105,206,107,108,109,110;1222453380;201,102,103,104,105,206,107,108,109,110;1222453860;201,102,103,104,105,206,107,108,109,110;1222467360;201,102,103,104,105,206,107,208,209,110;1222467420;201,102,103,104,105,206,107,108,109,110;1222471740;201,102,103,104,105,206,107,108,109,110;1222480380;201,102,103,104,105,206,107,108,109,110;1222503000;101,102,103,104,105,206,107,108,109,110;1222503180;201,102,103,104,105,206,107,208,209,110;1222506240;201,102,103,104,105,206,107,108,109,110;1222508700;201,102,103,104,205,206,107,108,109,110;1222509240;201,102,103,104,105,206,107,108,109,110;1222511160;201,102,103,104,105,206,107,108,109,110;1222511280;201,102,103,104,105,206,107,108,109,110;1222511760;201,102,103,104,105,206,107,108,109,110;1222514040;201,102,103,104,105,206,107,108,109,110;1222514340;201,102,103,104,105,206,107,108,109,110;1222516860;101,102,103,104,105,206,107,108,109,110;1222517100;201,102,103,104,105,206,107,108,109,110;1222519560;201,102,103,104,105,206,107,108,109,110;1222520940;201,102,103,104,105,206,107,208,209,110;1222522200;201,102,103,104,105,206,107,108,109,110;1222524780;201,102,103,104,105,206,107,108,109,110;1222529160;201,102,103,104,105,206,107,108,109,110;1222532040;201,102,103,104,105,206,107,108,109,110;1222535760;201,102,103,104,105,206,107,108,109,110;1222541160;201,102,103,104,205,206,107,108,109,110;1222544700;201,102,103,104,105,206,107,108,109,110;1222555860;201,102,103,104,105,206,107,208,109,110;1222557720;201,102,103,104,105,206,107,108,109,110;1222566900;201,102,103,104,105,206,107,108,109,110;1222569900;;;;;;;;;;;;;;;;;;;;;;;;;;;;;;;;;;;;
201,102,103,104,105,206,107,108,109,110;1222572660;201,102,103,104,105,206,107,108,109,110;1222575720;201,102,103,104,105,206,107,108,109,110;1222580280;101,102,103,104,105,206,107,108,109,110;1222581120;201,102,103,104,105,206,107,108,109,110;1222584000;101,102,103,104,105,206,107,108,109,110;1222584060;201,102,103,104,205,206,107,108,109,110;1222588200;;;;;;;;;;;;;;;;;;;;;;;;;;;;;;;;;;;;;;;;;;;;;;;;;;;;;;;;;;;;;;;;;;;;;;;;;;;;;;;;;;;;;;;;;;;;;;;;;;;;;;;;;;;;;;;;;;;;;;;;;;;;;;;;;;;;;;;;;;;;;;;;;;;;;;;;;;;;;;;;;;;;;;;;;;;;;;;;;;;;;;;;;;
201,102,103,104,NaN,206,107,108,109,110;1222614300;201,102,103,104,105,206,107,108,109,110;1222614360;101,102,103,104,105,206,107,108,109,110;1222616940;201,102,103,104,105,206,107,108,109,110;1222617300;201,102,103,104,105,206,107,108,109,110;1222619640;201,102,103,104,105,206,107,108,109,110;1222620180;201,102,103,104,105,206,107,108,109,110;1222622280;101,102,103,104,105,206,107,108,109,110;1222622940;201,102,103,104,105,206,107,108,109,110;1222624920;201,102,103,104,205,206,107,108,109,110;1222627320;201,102,103,104,105,206,107,108,109,110;1222628880;201,102,103,104,105,206,107,108,109,110;1222630020;201,102,103,104,105,206,107,108,109,110;1222634640;101,102,103,104,105,206,107,108,109,110;1222638840;201,102,103,104,105,206,107,108,109,110;1222646760;201,102,103,104,105,206,107,108,109,110;1222650420;201,102,103,104,105,206,107,108,109,110;1222653000;101,102,103,104,105,206,107,108,109,110;1222654680;201,102,103,104,105,206,107,108,109,110;1222656420;201,102,103,104,105,206,107,108,109,110;1222659120;101,102,103,104,105,206,107,108,109,110;1222667580;101,102,103,104,205,206,107,108,109,110;1222672500;201,102,103,104,105,206,107,108,109,110;1222679580;201,102,103,104,105,206,107,108,109,110;1222681980;201,102,103,104,105,206,107,108,109,110;1222683900;201,102,103,104,105,206,107,208,109,110;1222689780;201,102,103,104,105,206,107,108,109,110;1222689840;201,102,103,104,105,206,107,108,109,110;1222690080;201,102,103,104,105,206,107,108,109,110;1222693740;101,102,103,104,105,206,107,108,109,110;1222694160;101,102,103,104,105,206,107,108,109,110;1222698420;201,102,103,104,105,206,107,108,109,110;1222701660;201,102,103,204,105,206,107,108,109,110;1222716360;201,102,103,104,105,206,107,108,109,110;1222717680;;;;;;;;;;;;;;;;;;;;;;;;;;;;;;;;;;;;;;;;;;;;;;;;;;;;;;;;;;;;;;;;;;;;;;;;;;;;;;;;;;;;;;;;;;;;;;;;;;;;;;;;;;;;;;;;;;;;;;;;;;;;;;;;;;;;
101,102,103,104,105,206,107,208,209,110;1222719180;201,102,103,104,105,206,107,108,109,110;1222731180;201,102,103,104,105,206,107,108,109,110;1222731360;101,102,103,104,105,206,107,108,109,110;1222735440;;;;;;;;;;;;;;;;;;;;;;;;;;;;;;;;;;;;;;;;;;;;;;;;;;;;;;;;;;;;;;;;;;;;;;;;;;;;;;;;;;;;;;;;;;;;;;;;;;;;;;;;;;;;;;;;;;;;;;;;;;;;;;;;;;;;;;;;;;;;;;;;;;;;;;;;;;;;;;;;;;;;;;;;;;;;;;;;;;;;;;;;;;;;;;;;
201,202,103,104,205,206,107,108,109,110;1222740060;201,202,103,104,105,206,107,108,109,110;1222742520;201,202,103,104,105,206,107,108,109,110;1222757040;201,102,103,104,105,206,107,108,109,110;1222770660;101,102,103,104,105,206,107,108,109,110;1222774140;101,102,103,104,205,206,107,108,109,110;1222777200;201,102,103,104,105,206,107,108,109,110;1222778160;201,102,103,104,105,206,107,108,109,110;1222780560;101,102,103,104,105,206,107,108,109,110;1222781160;101,102,103,104,105,206,107,108,109,110;1222783980;101,102,103,104,205,206,107,108,109,110;1222786200;201,102,103,104,105,206,107,108,109,110;1222788420;101,102,103,104,205,206,107,108,109,110;1222795020;201,102,103,104,105,206,107,108,109,110;1222795020;201,102,103,104,105,206,107,108,109,110;1222803540;201,102,103,104,105,206,107,108,109,110;1222803720;101,NaN,NaN,NaN,205,206,NaN,108,109,NaN;1222810440;201,102,103,104,105,206,107,108,109,110;1222811880;201,102,103,104,105,206,107,108,109,110;1222813200;201,102,103,104,105,206,107,108,109,210;1222816260;201,102,103,104,105,206,107,108,109,110;1222822380;201,102,103,104,105,206,107,108,109,110;1222833360;;;;;;;;;;;;;;;;;;;;;;;;;;;;;;;;;;;;;;;;;;;;;;;;;;;;;;;;;;;;;;;;;;;;;;;;;;;;;;;;;;;;;;;;;;;;;;;;;;;;;;;;;;;;;;;;;;;;;;;;;;;;;;;;;;;;;;;;;;;;;;;;;;;;;;;;;;;;
101,102,103,104,105,206,107,108,109,110;1222838340;101,102,103,104,205,206,107,108,109,110;1222838880;201,102,103,104,105,206,107,108,109,110;1222841700;201,102,103,104,105,206,107,108,109,110;1222845300;201,102,103,104,205,206,107,108,109,110;1222845360;201,102,103,104,205,206,107,108,109,110;1222863720;201,102,103,104,205,206,107,108,109,110;1222866960;201,102,103,104,105,206,107,108,109,110;1222872180;201,102,103,104,105,206,107,108,109,110;1222883820;201,102,103,104,105,206,107,108,109,110;1222888500;101,102,103,104,105,206,107,108,109,110;1222890600;201,202,103,104,105,206,107,108,109,110;1222894020;201,102,103,104,105,206,107,108,109,110;1222896840;201,102,103,104,105,206,107,108,109,110;1222899660;101,102,103,104,205,206,107,108,109,110;1222899720;201,102,103,104,205,206,107,108,109,110;1222910220;;;;;;;;;;;;;;;;;;;;;;;;;;;;;;;;;;;;;;;;;;;;;;;;;;;;;;;;;;;;;;;;;;;;;;;;;;;;;;;;;;;;;;;;;;;;;;;;;;;;;;;;;;;;;;;;;;;;;;;;;;;;;;;;;;;;;;;;;;;;;;;;;;;;;;;;;;;;;;;;;;;;;;;;
201,102,103,104,105,206,107,108,109,210;1222910820;201,102,103,104,105,206,107,108,109,110;1222913460;201,102,103,104,105,206,107,108,109,110;1222914180;101,102,103,104,105,206,107,108,109,110;1222914240;201,102,103,104,105,206,107,108,109,110;1222922940;201,102,103,104,205,206,107,108,109,110;1222925700;201,NaN,NaN,NaN,105,206,NaN,108,109,NaN;1222927080;101,102,103,104,205,206,107,108,109,110;1222928640;201,102,103,104,205,206,107,108,109,110;1222930320;201,102,103,104,205,206,107,108,109,110;1222930620;201,102,103,104,105,206,107,108,109,110;1222931400;;;;;;;;;;;;;;;;;;;;;;;;;;;;;;;;;;;;;;;;;;;;;;;;;;;;;;;;;;;;;;;;;;;;;;;;;;;;;;;;;;;;;;;;;;;;;;;;;;;;;;;;;;;;;;;;;;;;;;;;;;;;;;;;;;;;;;;;;;;;;;;;;;;;;;;;;;;;;;;;;;;;;;;;;;;;;;;;;;
201,102,103,104,205,206,107,108,109,110;1222933320;201,102,103,104,205,206,107,208,109,110;1222934580;201,102,103,104,105,206,107,108,109,110;1222949220;;;;;;;;;;;;;;;;;;;;;;;;;;;;;;;;;;;;;;;;;;;;;;;;;;;;;;;;;;;;;;;;;;;;;;;;;;;;;;;;;;;;;;;;;;;;;;;;;;;;;;;;;;;;;;;;;;;;;;;;;;;;;;;;;;;;;;;;;;;;;;;;;;;;;;;;;;;;;;;;;;;;;;;;;;;;;;;;;;;;;;;;;;;;;;;;;;
201,102,103,104,205,206,107,208,209,110;1222949400;;;;;;;;;;;;;;;;;;;;;;;;;;;;;;;;;;;;;;;;;;;;;;;;;;;;;;;;;;;;;;;;;;;;;;;;;;;;;;;;;;;;;;;;;;;;;;;;;;;;;;;;;;;;;;;;;;;;;;;;;;;;;;;;;;;;;;;;;;;;;;;;;;;;;;;;;;;;;;;;;;;;;;;;;;;;;;;;;;;;;;;;;;;;;;;;;;;;;;
101,102,103,104,105,206,107,108,109,110;1222952040;201,102,103,104,105,206,107,108,109,110;1222953000;201,102,103,104,105,206,107,108,109,110;1222955040;201,102,103,104,105,206,107,108,109,110;1222955880;201,102,103,104,105,206,107,108,109,110;1222957920;101,102,103,104,105,206,107,108,109,110;1222959480;201,102,103,104,105,206,107,108,109,110;1222959600;201,102,103,104,205,206,107,108,109,110;1222960740;201,102,103,104,105,206,107,108,109,110;1222968060;201,102,103,104,205,206,107,108,109,110;1222968300;201,102,103,104,205,206,107,108,209,110;1222973640;201,102,103,104,105,206,107,208,209,110;1222975920;;;;;;;;;;;;;;;;;;;;;;;;;;;;;;;;;;;;;;;;;;;;;;;;;;;;;;;;;;;;;;;;;;;;;;;;;;;;;;;;;;;;;;;;;;;;;;;;;;;;;;;;;;;;;;;;;;;;;;;;;;;;;;;;;;;;;;;;;;;;;;;;;;;;;;;;;;;;;;;;;;;;;;;;;;;;;;;;
201,102,103,104,205,206,107,108,109,110;1222975980;201,102,103,104,105,206,107,108,109,110;1222978980;201,102,103,104,105,206,107,108,109,110;1222979580;101,102,103,104,105,206,107,108,109,110;1222983120;201,102,103,104,105,206,107,108,109,110;1222983120;201,102,103,104,105,206,107,108,109,110;1222986240;201,102,103,104,105,206,107,108,109,110;1222988100;201,102,103,104,205,206,107,108,109,110;1222994460;201,102,103,104,105,206,107,108,109,110;1222998720;201,102,103,104,205,206,107,108,109,110;1222998960;201,102,103,104,205,206,107,108,109,110;1223002140;201,102,103,104,205,206,107,108,109,110;1223002860;201,102,103,104,105,206,107,108,109,110;1223005500;101,102,103,104,205,206,107,108,109,110;1223007300;201,102,103,104,105,206,107,108,109,110;1223015700;101,102,103,104,105,206,107,108,109,110;1223019000;201,102,103,104,205,206,107,108,109,110;1223026800;201,102,103,104,205,206,107,108,109,110;1223029860;101,102,103,104,105,206,107,108,109,110;1223052300;201,102,103,104,105,206,207,108,109,210;1223054580;101,102,103,104,105,206,107,108,109,110;1223054580;101,102,103,104,105,206,107,108,109,110;1223057460;101,102,103,104,105,206,107,108,109,110;1223058360;101,102,103,104,205,206,107,108,109,110;1223058900;201,102,103,104,105,206,107,108,109,110;1223059560;201,102,103,104,205,206,107,108,109,110;1223061300;201,102,103,104,105,206,107,108,109,110;1223063520;101,102,103,104,205,206,107,108,109,110;1223063520;201,102,103,104,105,206,107,108,109,110;1223067180;201,102,103,104,205,206,107,108,109,110;1223070360;201,102,103,104,205,206,107,208,209,110;1223074680;201,102,103,104,205,206,107,108,109,110;1223077740;101,102,103,104,105,206,107,108,109,110;1223080560;101,102,103,104,105,206,107,108,109,110;1223085180;201,102,103,104,105,206,107,108,209,110;1223086320;101,102,103,104,105,206,107,108,109,110;1223088300;201,102,103,104,105,206,107,108,109,110;1223105340;201,102,103,104,105,206,207,208,209,210;1223126160;201,102,103,204,105,206,107,108,109,110;1223132280;101,102,103,104,105,206,107,108,109,110;1223136900;201,102,103,104,105,206,107,108,109,110;1223137500;201,102,103,104,205,206,107,108,109,110;1223139540;201,102,103,104,205,206,107,108,109,110;1223140320;201,102,103,104,105,206,107,108,109,110;1223142420;201,102,103,104,105,206,107,108,109,110;1223142840;201,102,103,104,105,206,107,108,109,110;1223145540;201,102,103,104,105,206,107,108,109,110;1223150760;201,102,103,104,105,206,107,108,109,110;1223155080;;;;;;;;;;;;;;;;;;;;;;;;;;;;;;;;;;;;;;;;;;;;;;;;;;;;;;;;;;;;;;;;;;;;;;;;;;;;;;;;;;;;;;;;;;;;;;;;;;;;;;;;
201,202,103,104,105,206,107,108,109,110;1223159580;;;;;;;;;;;;;;;;;;;;;;;;;;;;;;;;;;;;;;;;;;;;;;;;;;;;;;;;;;;;;;;;;;;;;;;;;;;;;;;;;;;;;;;;;;;;;;;;;;;;;;;;;;;;;;;;;;;;;;;;;;;;;;;;;;;;;;;;;;;;;;;;;;;;;;;;;;;;;;;;;;;;;;;;;;;;;;;;;;;;;;;;;;;;;;;;;;;;;;
201,102,103,104,205,206,107,108,109,110;1223159580;201,102,103,104,105,206,107,108,109,110;1223163300;201,102,103,104,105,206,107,108,109,110;1223172060;201,202,103,104,105,206,107,108,109,110;1223173200;201,102,103,104,105,206,107,108,109,110;1223174880;201,102,103,104,105,206,107,108,109,110;1223177460;201,102,103,104,105,206,107,108,109,110;1223178780;201,102,103,104,105,206,107,108,109,110;1223180100;201,102,103,104,105,206,207,108,109,210;1223186520;201,102,103,104,105,206,107,108,109,110;1223188800;201,102,103,104,105,206,107,108,109,110;1223190240;201,102,103,104,105,206,107,108,109,110;1223192820;201,102,103,104,105,206,107,108,109,110;1223193600;101,102,103,104,105,206,107,108,109,110;1223196180;201,102,103,104,105,206,107,108,109,110;1223197500;201,102,103,104,105,206,107,108,109,110;1223199000;201,102,103,104,205,206,107,108,109,110;1223200980;101,102,103,104,105,206,107,108,109,110;1223201820;101,102,103,104,105,206,107,108,109,110;1223207340;201,102,103,104,105,206,107,108,109,110;1223210040;201,102,103,104,205,206,107,108,109,110;1223213400;;;;;;;;;;;;;;;;;;;;;;;;;;;;;;;;;;;;;;;;;;;;;;;;;;;;;;;;;;;;;;;;;;;;;;;;;;;;;;;;;;;;;;;;;;;;;;;;;;;;;;;;;;;;;;;;;;;;;;;;;;;;;;;;;;;;;;;;;;;;;;;;;;;;;;;;;;;;;;
201,102,103,104,205,206,107,108,109,110;1223213700;;;;;;;;;;;;;;;;;;;;;;;;;;;;;;;;;;;;;;;;;;;;;;;;;;;;;;;;;;;;;;;;;;;;;;;;;;;;;;;;;;;;;;;;;;;;;;;;;;;;;;;;;;;;;;;;;;;;;;;;;;;;;;;;;;;;;;;;;;;;;;;;;;;;;;;;;;;;;;;;;;;;;;;;;;;;;;;;;;;;;;;;;;;;;;;;;;;;;;
201,202,103,104,205,206,107,108,109,110;1223216100;201,102,103,104,205,206,107,108,109,110;1223217420;;;;;;;;;;;;;;;;;;;;;;;;;;;;;;;;;;;;;;;;;;;;;;;;;;;;;;;;;;;;;;;;;;;;;;;;;;;;;;;;;;;;;;;;;;;;;;;;;;;;;;;;;;;;;;;;;;;;;;;;;;;;;;;;;;;;;;;;;;;;;;;;;;;;;;;;;;;;;;;;;;;;;;;;;;;;;;;;;;;;;;;;;;;;;;;;;;;;
201,102,103,104,205,206,107,108,109,110;1223218140;;;;;;;;;;;;;;;;;;;;;;;;;;;;;;;;;;;;;;;;;;;;;;;;;;;;;;;;;;;;;;;;;;;;;;;;;;;;;;;;;;;;;;;;;;;;;;;;;;;;;;;;;;;;;;;;;;;;;;;;;;;;;;;;;;;;;;;;;;;;;;;;;;;;;;;;;;;;;;;;;;;;;;;;;;;;;;;;;;;;;;;;;;;;;;;;;;;;;;
201,102,103,104,105,206,107,108,109,110;1223225160;;;;;;;;;;;;;;;;;;;;;;;;;;;;;;;;;;;;;;;;;;;;;;;;;;;;;;;;;;;;;;;;;;;;;;;;;;;;;;;;;;;;;;;;;;;;;;;;;;;;;;;;;;;;;;;;;;;;;;;;;;;;;;;;;;;;;;;;;;;;;;;;;;;;;;;;;;;;;;;;;;;;;;;;;;;;;;;;;;;;;;;;;;;;;;;;;;;;;;
201,102,103,104,105,206,107,108,109,110;1223225940;201,102,103,104,105,206,107,108,109,110;1223228700;201,102,103,104,105,206,107,108,109,110;1223230320;201,202,103,104,105,206,207,108,109,210;1223231400;201,102,103,104,105,206,107,108,109,110;1223237580;101,102,103,104,105,206,107,108,109,210;1223246460;201,102,103,104,105,206,107,208,209,110;1223249100;201,102,103,104,105,206,107,108,109,110;1223249220;201,102,103,104,105,206,107,108,109,110;1223249400;201,102,103,104,105,206,107,108,109,110;1223253840;201,102,103,104,105,206,107,108,109,110;1223254140;201,102,103,104,105,206,107,108,109,110;1223256660;201,102,103,104,105,206,107,108,109,110;1223257800;;;;;;;;;;;;;;;;;;;;;;;;;;;;;;;;;;;;;;;;;;;;;;;;;;;;;;;;;;;;;;;;;;;;;;;;;;;;;;;;;;;;;;;;;;;;;;;;;;;;;;;;;;;;;;;;;;;;;;;;;;;;;;;;;;;;;;;;;;;;;;;;;;;;;;;;;;;;;;;;;;;;;;;;;;;;;;
201,102,103,104,205,206,107,208,209,110;1223258220;;;;;;;;;;;;;;;;;;;;;;;;;;;;;;;;;;;;;;;;;;;;;;;;;;;;;;;;;;;;;;;;;;;;;;;;;;;;;;;;;;;;;;;;;;;;;;;;;;;;;;;;;;;;;;;;;;;;;;;;;;;;;;;;;;;;;;;;;;;;;;;;;;;;;;;;;;;;;;;;;;;;;;;;;;;;;;;;;;;;;;;;;;;;;;;;;;;;;;
201,102,103,104,105,206,107,108,109,110;1223259960;101,202,103,104,105,206,107,108,109,110;1223263260;201,102,103,104,105,206,107,108,109,110;1223263440;201,102,103,104,105,206,107,108,109,110;1223266260;201,102,103,104,105,206,107,108,109,210;1223267160;101,102,103,104,105,206,107,108,109,110;1223268540;201,102,103,104,105,206,107,108,109,110;1223269920;101,102,103,104,105,206,107,108,109,110;1223270220;201,102,103,104,105,206,107,108,109,110;1223271300;201,102,103,104,105,206,107,108,109,110;1223271480;201,102,103,104,105,206,107,108,109,110;1223274240;201,102,103,104,105,206,107,108,109,110;1223276220;201,102,103,104,105,206,107,108,109,110;1223277060;201,102,103,104,105,206,107,108,109,110;1223279820;201,102,103,104,105,206,107,108,109,110;1223280420;201,102,103,104,105,206,107,108,109,110;1223286660;201,102,103,104,105,206,107,108,109,110;1223289540;201,102,103,204,105,206,107,108,109,210;1223289720;201,102,103,104,105,206,107,108,109,110;1223291280;201,102,103,104,105,206,207,208,209,210;1223293080;;;;;;;;;;;;;;;;;;;;;;;;;;;;;;;;;;;;;;;;;;;;;;;;;;;;;;;;;;;;;;;;;;;;;;;;;;;;;;;;;;;;;;;;;;;;;;;;;;;;;;;;;;;;;;;;;;;;;;;;;;;;;;;;;;;;;;;;;;;;;;;;;;;;;;;;;;;;;;;;
201,102,103,104,205,206,107,108,109,110;1223294100;;;;;;;;;;;;;;;;;;;;;;;;;;;;;;;;;;;;;;;;;;;;;;;;;;;;;;;;;;;;;;;;;;;;;;;;;;;;;;;;;;;;;;;;;;;;;;;;;;;;;;;;;;;;;;;;;;;;;;;;;;;;;;;;;;;;;;;;;;;;;;;;;;;;;;;;;;;;;;;;;;;;;;;;;;;;;;;;;;;;;;;;;;;;;;;;;;;;;;
201,102,103,104,105,206,207,108,109,210;1223298000;;;;;;;;;;;;;;;;;;;;;;;;;;;;;;;;;;;;;;;;;;;;;;;;;;;;;;;;;;;;;;;;;;;;;;;;;;;;;;;;;;;;;;;;;;;;;;;;;;;;;;;;;;;;;;;;;;;;;;;;;;;;;;;;;;;;;;;;;;;;;;;;;;;;;;;;;;;;;;;;;;;;;;;;;;;;;;;;;;;;;;;;;;;;;;;;;;;;;;
201,102,103,104,105,206,107,108,109,110;1223298060;201,102,103,104,105,206,107,108,109,110;1223301120;201,102,103,104,105,206,107,208,209,110;1223304120;201,102,103,104,105,206,107,108,109,110;1223304600;201,102,103,104,105,206,107,208,209,110;1223306760;201,102,103,104,105,206,107,108,109,110;1223306760;101,102,103,104,105,206,107,108,109,110;1223307300;201,102,103,104,105,206,107,108,109,110;1223312040;201,102,103,104,105,206,107,108,109,110;1223312100;201,102,103,104,205,206,107,108,109,110;1223314920;201,102,103,104,105,206,107,108,109,110;1223316120;201,202,103,104,105,106,107,108,109,110;1223318160;201,102,103,104,105,106,107,108,109,110;1223318820;201,102,103,104,105,106,107,108,109,110;1223322360;101,102,103,104,105,206,107,108,109,110;1223322480;201,102,103,104,105,106,107,108,109,110;1223325420;101,102,103,104,105,206,107,108,109,110;1223326980;201,102,103,104,105,106,107,208,109,110;1223336760;201,102,103,104,205,206,107,108,109,110;1223342940;201,102,103,104,105,106,107,108,109,110;1223343540;201,102,103,104,205,206,107,208,209,110;1223357520;201,102,103,104,105,206,107,108,109,110;1223358060;101,102,103,104,105,206,107,108,109,110;1223360700;101,102,103,104,205,206,107,108,109,110;1223360760;201,102,103,104,205,206,107,108,109,110;1223363460;201,102,103,104,105,206,107,108,109,110;1223364000;101,102,103,104,105,206,107,108,109,110;1223366340;101,102,103,104,105,206,107,108,109,110;1223366640;201,102,103,104,105,206,107,108,109,110;1223367000;201,102,103,104,205,206,107,108,109,110;1223369460;201,102,103,104,105,206,107,108,109,210;1223370900;201,102,103,204,105,206,207,108,109,210;1223370960;201,102,103,104,105,206,107,108,109,110;1223372160;101,102,103,104,105,206,107,108,109,110;1223376000;201,102,103,104,205,206,107,208,209,110;1223377800;;;;;;;;;;;;;;;;;;;;;;;;;;;;;;;;;;;;;;;;;;;;;;;;;;;;;;;;;;;;;;;;;;;;;;;;;;;;;;;;;;;;;;;;;;;;;;;;;;;;;;;;;;;;;;;;;;;;;;;;;;;;;;;;;;
201,102,103,104,105,206,107,108,109,110;1223380080;201,102,103,104,105,206,107,108,109,110;1223382900;101,102,103,104,105,206,107,108,109,110;1223389920;201,102,103,104,105,206,107,108,109,110;1223391960;101,102,103,104,105,206,107,108,109,110;1223393280;201,102,103,104,105,206,107,108,109,110;1223397540;101,102,103,104,105,206,107,108,109,110;1223400240;201,102,103,104,105,206,107,108,109,110;1223403540;201,102,103,104,105,206,107,108,109,110;1223404740;201,102,103,104,105,206,107,108,109,110;1223405280;101,102,103,104,105,206,107,108,109,110;1223434020;101,102,103,104,105,206,107,108,109,110;1223436900;101,102,103,104,105,206,107,108,109,110;1223437080;101,102,103,104,105,206,107,108,109,110;1223439900;201,102,103,104,105,206,107,108,109,110;1223442600;101,102,103,104,105,206,107,108,109,110;1223442780;201,102,103,104,205,206,107,108,109,210;1223442960;201,102,103,104,105,206,107,108,109,110;1223449260;201,102,103,104,105,206,107,108,109,110;1223449560;101,102,103,104,105,206,107,108,109,110;1223455020;101,102,103,104,105,106,107,108,109,110;1223460660;201,102,103,104,105,206,107,108,109,110;1223465700;101,102,103,104,105,206,107,108,109,110;1223465880;201,102,103,104,105,206,107,108,109,110;1223470080;201,102,103,104,105,206,207,108,109,210;1223473020;201,102,103,104,105,206,107,108,109,110;1223475960;201,102,103,104,105,106,207,108,109,210;1223478840;201,102,103,104,105,206,107,108,109,110;1223479860;101,102,103,104,105,206,107,108,109,110;1223480460;201,102,103,104,105,106,107,108,109,110;1223482920;201,102,103,104,105,206,107,108,109,110;1223490420;101,102,103,104,105,206,107,108,109,110;1223493540;101,102,103,104,105,206,107,108,109,110;1223495100;201,102,103,104,205,106,107,108,109,110;1223496480;201,102,103,204,105,206,107,108,109,110;1223500380;201,202,103,104,105,206,107,108,109,110;1223502600;101,102,103,104,105,106,107,108,109,110;1223504580;201,102,103,104,105,206,107,108,109,110;1223519640;;;;;;;;;;;;;;;;;;;;;;;;;;;;;;;;;;;;;;;;;;;;;;;;;;;;;;;;;;;;;;;;;;;;;;;;;;;;;;;;;;;;;;;;;;;;;;;;;;;;;;;;;;;;;;;;;;;;;;;;;;;;
101,102,103,104,105,106,107,108,109,110;1223525160;201,102,103,104,105,206,107,108,109,110;1223530680;101,102,103,104,105,106,107,108,109,110;1223554500;101,102,103,104,105,106,107,108,109,110;1223557440;101,102,103,204,205,206,107,108,109,110;1223560500;;;;;;;;;;;;;;;;;;;;;;;;;;;;;;;;;;;;;;;;;;;;;;;;;;;;;;;;;;;;;;;;;;;;;;;;;;;;;;;;;;;;;;;;;;;;;;;;;;;;;;;;;;;;;;;;;;;;;;;;;;;;;;;;;;;;;;;;;;;;;;;;;;;;;;;;;;;;;;;;;;;;;;;;;;;;;;;;;;;;;;;;;;;;;;
101,102,103,104,105,206,107,108,109,110;1223560560;201,102,103,104,105,206,107,108,109,110;1223625900;201,102,103,104,105,206,107,108,109,110;1223628360;101,102,103,104,105,206,107,108,109,110;1223628780;201,102,103,104,105,206,107,108,109,110;1223634600;201,102,103,104,105,206,107,108,109,110;1223645580;201,102,103,104,105,206,107,208,209,110;1223646600;101,102,103,104,105,106,107,108,109,110;1223661720;101,102,103,104,105,206,107,108,109,110;1223665380;201,102,103,104,105,206,207,108,109,210;1223665620;101,202,103,104,105,206,107,108,109,110;1223666160;101,202,103,104,105,206,207,108,109,210;1223686500;201,102,103,104,105,206,107,108,109,210;1223700960;101,102,103,104,105,206,107,108,109,210;1223703480;201,102,203,204,105,206,207,108,109,210;1223703540;201,102,103,104,105,206,107,108,109,110;1223703720;201,102,103,104,105,206,107,108,109,110;1223706420;101,102,103,104,105,206,107,108,109,210;1223728980;201,102,103,104,105,106,107,108,109,110;1223731980;201,102,103,104,105,106,107,108,109,110;1223735100;201,102,103,204,105,206,107,108,109,110;1223759760;201,102,103,104,105,206,107,108,109,110;1223762280;101,102,103,104,105,106,107,108,109,110;1223765820;201,102,103,104,105,206,107,208,209,110;1223769000;201,102,103,104,105,206,107,208,209,110;1223773140;201,102,103,104,105,206,107,108,109,110;1223774460;101,102,103,104,105,206,107,108,109,110;1223774880;201,102,103,104,105,106,107,108,109,110;1223792340;201,102,103,104,105,106,107,108,109,110;1223830020;201,102,103,104,105,106,107,108,109,110;1223861640;201,102,103,104,105,106,107,108,109,110;1223862780;201,102,103,104,105,106,107,108,109,110;1223890020;201,102,103,104,105,106,107,108,109,110;1223893080;201,102,103,104,105,206,207,108,109,210;1223899560;201,102,103,104,105,206,107,108,109,110;1223900940;201,102,103,104,105,206,107,108,109,110;1223901000;201,102,103,104,105,206,107,108,109,110;1223902500;201,102,103,104,105,106,107,108,109,110;1223905320;201,102,103,104,105,106,107,108,109,210;1223905320;201,102,103,104,105,106,107,108,109,110;1223907180;201,102,103,104,105,106,107,108,109,110;1223918220;201,102,103,104,105,106,107,108,109,110;1223919360;201,102,103,104,105,106,107,108,109,110;1223919600;201,102,103,104,105,106,207,208,209,210;1223921400;101,102,103,104,105,106,107,108,109,110;1223922600;101,202,103,204,105,106,207,108,109,210;1223923980;201,102,103,104,105,106,107,108,109,110;1223925600;201,102,103,104,105,106,107,108,109,110;1223927220;201,102,103,104,105,106,107,108,109,110;1223927820;201,102,103,104,105,206,107,108,109,110;1223930880;201,102,103,104,105,106,107,108,109,110;1223931240;101,102,103,104,105,106,107,108,109,110;1223937300;201,102,103,104,105,106,107,108,109,110;1223947260;201,102,103,104,105,106,107,208,209,110;1223947680;201,102,103,104,105,206,107,108,109,110;1223948100;201,102,103,104,105,206,107,108,109,110;1223982780;101,102,103,104,105,206,107,108,109,110;1223982960;101,102,103,104,105,206,107,108,109,110;1223986020;201,102,103,104,105,206,107,108,109,110;1223986500;201,102,103,104,105,206,107,208,209,110;1223988180;201,102,103,104,105,106,107,108,109,110;1223998560;201,102,103,104,105,106,107,108,109,110;1224004500;201,102,103,104,105,206,107,108,109,110;1224007260;201,102,103,104,105,206,107,108,109,110;1224009000;201,102,103,104,105,106,107,108,109,110;1224010080;201,102,103,104,105,106,107,108,109,110;1224012960;201,102,103,104,105,206,107,108,109,110;1224018420;201,102,103,104,105,106,107,108,109,110;1224021780;101,102,103,104,105,206,107,108,109,110;1224023220;201,102,103,104,105,206,107,108,109,110;1224024420;201,102,103,104,105,106,107,108,109,110;1224028320;201,102,103,104,105,106,107,108,109,110;1224028320;201,102,103,104,105,206,107,108,109,110;1224028320;201,102,103,104,105,106,107,108,109,110;1224031200;201,102,103,104,105,206,107,108,109,110;1224031200;201,102,103,104,205,206,207,108,109,210;1224031320;;;;;;;;;;;;;;;;;;;;;;;;;;;;;;;;;;;;;;;;;;;;;;;;
